,Estacion,mes,lat,long,Altura_(m),Numero,Temperatura_(C),Temperatura_maxima_(C),Temperatura_minima_(C),Humedad_relativa_(%),Velocidad_del_Viento_(km/h),Nubosidad_total_(octavos),Precipitacion_(mm),Frecuencia_dias_Precipitacion_>0.1_mm
0,LA QUIACA,ene,-12.0,-63.333333333333336,3459,87007,12.8,20.1,7.4,65.3,6.9,5.2,97.5,15.9
1,LA QUIACA,feb,-12.0,-63.333333333333336,3459,87007,12.5,19.9,7,64.1,7.1,4.8,68.4,12.2
2,LA QUIACA,mar,-12.0,-63.333333333333336,3459,87007,12.4,19.9,6.3,62.4,6.5,4.1,55.9,9.8
3,LA QUIACA,abril,-12.0,-63.333333333333336,3459,87007,10.9,19.7,2.8,48.2,6.4,2.7,8.2,2.4
4,LA QUIACA,mayo,-12.0,-63.333333333333336,3459,87007,6.9,17.3,-3,34.6,6,1.8,1,0.3
5,LA QUIACA,jun,-12.0,-63.333333333333336,3459,87007,4.4,15.6,-6.2,31.1,4.9,1.6,0.5,0.1
6,LA QUIACA,jul,-12.0,-63.333333333333336,3459,87007,4.1,15.4,-6.8,30.1,6.6,1.4,0,0
7,LA QUIACA,ago,-12.0,-63.333333333333336,3459,87007,6.7,17.4,-4.2,31.7,6.6,1.6,1.4,0.4
8,LA QUIACA,sep,-12.0,-63.333333333333336,3459,87007,9.3,19.2,-1.1,34.4,8.6,2,3.5,0.9
9,LA QUIACA,oct,-12.0,-63.333333333333336,3459,87007,11.7,21.1,2.8,45.3,8.7,3,16,3.5
10,LA QUIACA,nov,-12.0,-63.333333333333336,3459,87007,12.8,21.7,5.2,52.3,8.8,3.6,27.3,7.4
11,LA QUIACA,dic,-12.0,-63.333333333333336,3459,87007,13.2,21.3,6.9,59.2,8.3,4.5,71.9,12.7
12,ORAN,ene,-16.333333333333332,-60.8421052631579,357,87016,S/D,32.3,21.5,S/D,8.4,S/D,216.6,14.3
13,ORAN,feb,-16.333333333333332,-60.8421052631579,357,87016,25.1,31.1,20.8,S/D,8.4,S/D,183.7,12.9
14,ORAN,mar,-16.333333333333332,-60.8421052631579,357,87016,23.9,29.4,20.5,83.6,6.9,5.7,184.2,15.3
15,ORAN,abril,-16.333333333333332,-60.8421052631579,357,87016,20.9,26,17.8,85.3,6.4,6,70.9,12
16,ORAN,mayo,-16.333333333333332,-60.8421052631579,357,87016,17.7,23.2,14.2,83.8,6.2,5.6,19.8,6.6
17,ORAN,jun,-16.333333333333332,-60.8421052631579,357,87016,15,21.2,11,82.3,6.8,5.1,6.3,3.9
18,ORAN,jul,-16.333333333333332,-60.8421052631579,357,87016,14.7,22,9.2,75.4,7.7,4,4.5,2.8
19,ORAN,ago,-16.333333333333332,-60.8421052631579,357,87016,17.2,25.6,11,67.3,8.2,3.5,5.4,2.2
20,ORAN,sep,-16.333333333333332,-60.8421052631579,357,87016,20.1,28.3,13.5,59.1,9.1,3.9,16.3,3.2
21,ORAN,oct,-16.333333333333332,-60.8421052631579,357,87016,23.8,31.5,17.9,62.5,9.2,4.6,60,7.1
22,ORAN,nov,-16.333333333333332,-60.8421052631579,357,87016,25,32,19.5,69.6,9.6,5,108.1,10.4
23,ORAN,dic,-16.333333333333332,-60.8421052631579,357,87016,26,32.6,21.2,74.7,8.6,5.3,170.1,12.9
24,TARTAGAL,ene,-20.46153846153846,-61.775510204081634,450,87022,25.2,31.7,20.6,78.5,6.1,S/D,200.2,11.6
25,TARTAGAL,feb,-20.46153846153846,-61.775510204081634,450,87022,24.4,30.7,20,S/D,5.9,S/D,182.8,11.1
26,TARTAGAL,mar,-20.46153846153846,-61.775510204081634,450,87022,S/D,29.1,19.6,S/D,5.2,S/D,187.7,11.7
27,TARTAGAL,abril,-20.46153846153846,-61.775510204081634,450,87022,20.2,25.5,17,85,4.7,S/D,65.3,10.5
28,TARTAGAL,mayo,-20.46153846153846,-61.775510204081634,450,87022,17.2,22.7,13.2,83.5,4.6,S/D,22,5.9
29,TARTAGAL,jun,-20.46153846153846,-61.775510204081634,450,87022,14.9,21,10.7,80.8,4.6,S/D,6.7,3.6
30,TARTAGAL,jul,-20.46153846153846,-61.775510204081634,450,87022,14.6,22.1,9.1,71.9,5.6,S/D,3.6,2.2
31,TARTAGAL,ago,-20.46153846153846,-61.775510204081634,450,87022,17.4,25.5,10.6,62,6.7,S/D,5.1,1.7
32,TARTAGAL,sep,-20.46153846153846,-61.775510204081634,450,87022,20.2,28.2,13.2,55.1,7.3,S/D,15.1,2.4
33,TARTAGAL,oct,-20.46153846153846,-61.775510204081634,450,87022,23.9,31.4,17.5,60.1,8.1,S/D,45,5.1
34,TARTAGAL,nov,-20.46153846153846,-61.775510204081634,450,87022,24.6,31.7,18.8,67.1,8.6,S/D,110,9
35,TARTAGAL,dic,-20.46153846153846,-61.775510204081634,450,87022,25.3,32,20.3,74.4,7.1,S/D,176.4,11.4
36,JUJUY,ene,-21.391304347826086,-53.0,905,87046,23.6,30,18.3,74.4,8.2,5.3,153.2,13.4
37,JUJUY,feb,-21.391304347826086,-53.0,905,87046,22.5,28.8,17.5,77.7,8.3,5.2,152.9,12.5
38,JUJUY,mar,-21.391304347826086,-53.0,905,87046,21.4,27.2,17.1,82,7.3,5.4,138.9,14.1
39,JUJUY,abril,-21.391304347826086,-53.0,905,87046,18.3,24,14,82.4,7.1,5.3,49.4,8.7
40,JUJUY,mayo,-21.391304347826086,-53.0,905,87046,14.8,21.3,10,79.7,7.4,4.7,11.6,3.9
41,JUJUY,jun,-21.391304347826086,-53.0,905,87046,12.2,19.7,6.8,76.7,7.3,4.1,2.8,2
42,JUJUY,jul,-21.391304347826086,-53.0,905,87046,11.9,20.3,5.8,68,9.2,3.2,3.4,2.3
43,JUJUY,ago,-21.391304347826086,-53.0,905,87046,15,23.3,8.2,58.7,10.3,3.1,3.1,1.6
44,JUJUY,sep,-21.391304347826086,-53.0,905,87046,17.8,25.7,10.6,52.3,11,3.4,5.4,1.9
45,JUJUY,oct,-21.391304347826086,-53.0,905,87046,21.7,29,14.8,56,10.7,4.1,28.1,4.8
46,JUJUY,nov,-21.391304347826086,-53.0,905,87046,23,29.9,16.7,62,10.2,4.5,61.1,7.8
47,JUJUY,dic,-21.391304347826086,-53.0,905,87046,23.8,30.5,18,68.8,8.9,5,130.4,11.6
48,SALTA,ene,-22.823529411764707,-62.93103448275862,1221,87047,21.4,27.4,16.6,78.2,6.8,5.9,192.6,16.3
49,SALTA,feb,-22.823529411764707,-62.93103448275862,1221,87047,20.3,26.4,15.7,81,6.5,5.8,154.2,14.8
50,SALTA,mar,-22.823529411764707,-62.93103448275862,1221,87047,19.5,25.2,15.3,83.7,5.8,5.9,110.6,14.2
51,SALTA,abril,-22.823529411764707,-62.93103448275862,1221,87047,16.6,22.7,11.9,82.9,5.8,5.6,33,7.9
52,SALTA,mayo,-22.823529411764707,-62.93103448275862,1221,87047,13.1,20.3,7.6,80.5,6.3,5,8,3.9
53,SALTA,jun,-22.823529411764707,-62.93103448275862,1221,87047,10.6,19.6,4.1,75.5,6.1,4.2,1.5,1.6
54,SALTA,jul,-22.823529411764707,-62.93103448275862,1221,87047,10.1,20,2.9,69.1,6.9,3.3,3.9,2.1
55,SALTA,ago,-22.823529411764707,-62.93103448275862,1221,87047,12.7,22.3,4.9,62.8,7.5,3.2,3.8,2.1
56,SALTA,sep,-22.823529411764707,-62.93103448275862,1221,87047,15.1,23.9,7.3,58.2,7.9,3.5,7.6,2.7
57,SALTA,oct,-22.823529411764707,-62.93103448275862,1221,87047,19.1,26.8,11.8,61.2,9,4.4,25.1,5.7
58,SALTA,nov,-22.823529411764707,-62.93103448275862,1221,87047,20.5,27.5,14.1,67.1,8.7,5,62.2,9.5
59,SALTA,dic,-22.823529411764707,-62.93103448275862,1221,87047,21.5,28,15.9,73.1,7.7,5.5,145.6,14
60,LAS LOMITAS,ene,-22.571428571428573,-58.285714285714285,130,87078,27.9,35.1,21.7,69.3,5.4,4,142.4,8.8
61,LAS LOMITAS,feb,-22.571428571428573,-58.285714285714285,130,87078,26.8,33.8,21.1,72.2,7,3.9,116.7,9.2
62,LAS LOMITAS,mar,-22.571428571428573,-58.285714285714285,130,87078,25.8,32.8,20.3,75.2,6,3.5,160.4,9.9
63,LAS LOMITAS,abril,-22.571428571428573,-58.285714285714285,130,87078,22.5,28.8,17.5,79.4,5.9,4.2,84.6,9.3
64,LAS LOMITAS,mayo,-22.571428571428573,-58.285714285714285,130,87078,18.8,25.4,13.7,79.9,5.8,4.1,57.5,7.1
65,LAS LOMITAS,jun,-22.571428571428573,-58.285714285714285,130,87078,16.9,23.4,11.8,79.3,5.3,4.4,18.6,6
66,LAS LOMITAS,jul,-22.571428571428573,-58.285714285714285,130,87078,16.6,24.1,10.4,71.3,6.9,3.5,13.1,3.9
67,LAS LOMITAS,ago,-22.571428571428573,-58.285714285714285,130,87078,19.1,27.1,12.2,62.8,8.6,3.1,16.1,2.9
68,LAS LOMITAS,sep,-22.571428571428573,-58.285714285714285,130,87078,21.2,29.1,14.2,60.5,8.7,3.5,30.4,4.4
69,LAS LOMITAS,oct,-22.571428571428573,-58.285714285714285,130,87078,24.6,32.2,17.8,62.7,9.4,3.7,72.5,7.3
70,LAS LOMITAS,nov,-22.571428571428573,-58.285714285714285,130,87078,25.9,33.2,19.3,65.9,9.9,3.7,119,8.7
71,LAS LOMITAS,dic,-22.571428571428573,-58.285714285714285,130,87078,27.3,34.4,20.9,68.2,8.2,3.8,132.6,8.8
72,IGUAZU,ene,-23.636363636363637,-51.857142857142854,270,87097,25.6,31.8,20.5,78.1,6.4,4.2,177.7,10.3
73,IGUAZU,feb,-23.636363636363637,-51.857142857142854,270,87097,24.9,31.2,20.2,80.4,6.3,4.3,154.7,10.2
74,IGUAZU,mar,-23.636363636363637,-51.857142857142854,270,87097,24.2,30.7,19.3,79.7,5.3,3.6,126.5,8.1
75,IGUAZU,abril,-23.636363636363637,-51.857142857142854,270,87097,21.4,27.5,16.8,83.7,6.1,3.7,169.1,8.9
76,IGUAZU,mayo,-23.636363636363637,-51.857142857142854,270,87097,17.6,23.5,13.1,86.5,6.4,3.6,192.7,8.8
77,IGUAZU,jun,-23.636363636363637,-51.857142857142854,270,87097,15.9,21.7,11.7,88.1,6.2,4,148.3,8.6
78,IGUAZU,jul,-23.636363636363637,-51.857142857142854,270,87097,15.7,22.2,10.8,83.6,7.4,3.4,115.8,8.3
79,IGUAZU,ago,-23.636363636363637,-51.857142857142854,270,87097,17.6,24.7,12.2,78.5,8.4,3.5,94.2,6.8
80,IGUAZU,sep,-23.636363636363637,-51.857142857142854,270,87097,19.1,25.8,13.7,76.4,8.8,4,160.3,9.6
81,IGUAZU,oct,-23.636363636363637,-51.857142857142854,270,87097,21.9,28.3,16.5,77.3,7.4,4.1,237,11.6
82,IGUAZU,nov,-23.636363636363637,-51.857142857142854,270,87097,23.5,30.1,17.8,74.9,7.5,3.7,186.3,9.4
83,IGUAZU,dic,-23.636363636363637,-51.857142857142854,270,87097,25,31.4,19.5,75.7,6.6,3.9,186.9,9.9
84,TUCUMAN,ene,-24.823529411764707,-55.0,450,87121,25.2,31,20.1,74.2,11.6,5,230.6,13.7
85,TUCUMAN,feb,-24.823529411764707,-55.0,450,87121,24,29.7,19.3,76.8,11.3,5.1,172.3,11.5
86,TUCUMAN,mar,-24.823529411764707,-55.0,450,87121,22.6,27.9,18.5,81,10,5.2,151.1,12.9
87,TUCUMAN,abril,-24.823529411764707,-55.0,450,87121,19.2,24.6,15.1,81.2,9.6,5.1,62.5,9.6
88,TUCUMAN,mayo,-24.823529411764707,-55.0,450,87121,15.7,21.2,11.4,80.3,9.4,4.7,25.9,6.9
89,TUCUMAN,jun,-24.823529411764707,-55.0,450,87121,12.7,18.6,8.2,78.9,9.7,4.6,13.1,5.2
90,TUCUMAN,jul,-24.823529411764707,-55.0,450,87121,12.2,19.3,6.8,70.9,10.7,3.4,7.4,3.3
91,TUCUMAN,ago,-24.823529411764707,-55.0,450,87121,14.9,22.8,8.5,62.1,11.2,3.3,8.5,2.1
92,TUCUMAN,sep,-24.823529411764707,-55.0,450,87121,17.8,25.4,11,58.4,11.8,3.5,16.1,3.3
93,TUCUMAN,oct,-24.823529411764707,-55.0,450,87121,21.8,28.9,15.2,61.5,12.2,4.2,65.1,7.3
94,TUCUMAN,nov,-24.823529411764707,-55.0,450,87121,23.4,29.9,17.5,67.1,12,4.7,103,10.8
95,TUCUMAN,dic,-24.823529411764707,-55.0,450,87121,24.9,30.8,19.3,70.8,11.1,4.8,175.9,12.1
96,SANTIAGO DEL ESTERO,ene,-25.695652173913043,-60.666666666666664,199,87129,26.7,33.9,20.5,66.8,9.2,4,134.8,9.8
97,SANTIAGO DEL ESTERO,feb,-25.695652173913043,-60.666666666666664,199,87129,25.5,32.5,19.7,70,9.2,4.1,100.6,8.7
98,SANTIAGO DEL ESTERO,mar,-25.695652173913043,-60.666666666666664,199,87129,23.8,30.4,18.5,74.2,8.6,4.3,91.1,9.5
99,SANTIAGO DEL ESTERO,abril,-25.695652173913043,-60.666666666666664,199,87129,19.8,26.3,14.6,76.6,7.8,4.5,35.9,7.1
100,SANTIAGO DEL ESTERO,mayo,-25.695652173913043,-60.666666666666664,199,87129,16.1,23.1,10.4,74.5,7.3,4.2,17.2,4.5
101,SANTIAGO DEL ESTERO,jun,-25.695652173913043,-60.666666666666664,199,87129,12.7,20.1,6.8,73.2,7.1,4.2,6.6,3.9
102,SANTIAGO DEL ESTERO,jul,-25.695652173913043,-60.666666666666664,199,87129,12.2,20.9,5,63.6,8.2,3.1,3,1.9
103,SANTIAGO DEL ESTERO,ago,-25.695652173913043,-60.666666666666664,199,87129,15.3,24.4,7.3,54.3,9,2.9,2,1.3
104,SANTIAGO DEL ESTERO,sep,-25.695652173913043,-60.666666666666664,199,87129,18.5,26.9,10.3,50.9,10.2,3.2,12.3,2.2
105,SANTIAGO DEL ESTERO,oct,-25.695652173913043,-60.666666666666664,199,87129,22.7,30.7,15.3,54.8,11.6,3.6,44.7,5.9
106,SANTIAGO DEL ESTERO,nov,-25.695652173913043,-60.666666666666664,199,87129,24.8,32.2,17.8,59,10.9,3.8,66.7,7.2
107,SANTIAGO DEL ESTERO,dic,-25.695652173913043,-60.666666666666664,199,87129,26.5,33.7,20,62.7,10,3.9,114.2,8.9
108,RESISTENCIA,ene,-24.77777777777778,-39.0,52,87155,26.8,33.3,20.9,70.8,10.1,3.7,161.1,8.9
109,RESISTENCIA,feb,-24.77777777777778,-39.0,52,87155,25.9,32.1,20.5,74.5,10.5,3.8,165.6,9.1
110,RESISTENCIA,mar,-24.77777777777778,-39.0,52,87155,24.6,30.7,19.5,77.4,9.9,3.5,174.4,9.2
111,RESISTENCIA,abril,-24.77777777777778,-39.0,52,87155,21.2,26.9,16.5,81,9.8,4.1,202.3,9.6
112,RESISTENCIA,mayo,-24.77777777777778,-39.0,52,87155,17.6,23.6,12.6,81.7,9.8,3.8,78.4,7.1
113,RESISTENCIA,jun,-24.77777777777778,-39.0,52,87155,15.4,21.3,10.8,82.5,10,4.4,63.8,7.9
114,RESISTENCIA,jul,-24.77777777777778,-39.0,52,87155,14.8,21.4,9.5,77.3,11.2,3.7,30.6,5.6
115,RESISTENCIA,ago,-24.77777777777778,-39.0,52,87155,16.7,23.7,10.8,72.5,12.7,3.6,38,5
116,RESISTENCIA,sep,-24.77777777777778,-39.0,52,87155,18.5,25.3,12.4,70.6,13.8,3.8,68.9,7.6
117,RESISTENCIA,oct,-24.77777777777778,-39.0,52,87155,21.8,28.1,15.9,71.8,13.4,3.7,134.7,10.1
118,RESISTENCIA,nov,-24.77777777777778,-39.0,52,87155,23.6,29.8,17.7,72,12.5,3.5,168.2,10
119,RESISTENCIA,dic,-24.77777777777778,-39.0,52,87155,25.8,32.1,19.7,70.8,10.7,3.6,146.9,9.1
120,FORMOSA,ene,-21.0,-53.714285714285715,60,87162,27.6,33.8,22.3,71.2,11.8,3.9,165.7,9.1
121,FORMOSA,feb,-21.0,-53.714285714285715,60,87162,26.8,32.8,21.9,74.3,11.9,3.9,128.7,8.9
122,FORMOSA,mar,-21.0,-53.714285714285715,60,87162,25.7,31.9,20.9,75.9,11.2,3.6,144.8,8.5
123,FORMOSA,abril,-21.0,-53.714285714285715,60,87162,22.5,28.1,18.2,79.5,11.5,4,175,9.2
124,FORMOSA,mayo,-21.0,-53.714285714285715,60,87162,18.9,24.4,14.6,80.2,11.6,3.9,99.3,7.7
125,FORMOSA,jun,-21.0,-53.714285714285715,60,87162,17,22.4,12.9,80.8,11.9,4.4,68.9,7.2
126,FORMOSA,jul,-21.0,-53.714285714285715,60,87162,16.3,22.3,11.7,76.5,13.1,3.8,47.5,5.5
127,FORMOSA,ago,-21.0,-53.714285714285715,60,87162,18.1,24.8,13,71.6,14.4,3.6,44.2,5.8
128,FORMOSA,sep,-21.0,-53.714285714285715,60,87162,19.8,26.3,14.5,70.2,14.9,3.8,90.8,7.6
129,FORMOSA,oct,-21.0,-53.714285714285715,60,87162,23,29,17.9,71.8,14.9,3.9,142,9.6
130,FORMOSA,nov,-21.0,-53.714285714285715,60,87162,24.7,30.7,19.4,71.4,14.4,3.6,166.5,9.1
131,FORMOSA,dic,-21.0,-53.714285714285715,60,87162,26.7,32.8,21.3,70.8,13,3.7,163.4,9.1
132,CORRIENTES,ene,-24.77777777777778,-56.69565217391305,62,87166,27,33.2,21.3,70.7,11.9,3.6,167.3,8.5
133,CORRIENTES,feb,-24.77777777777778,-56.69565217391305,62,87166,26,31.9,20.8,74.6,12.2,3.6,161.9,9.4
134,CORRIENTES,mar,-24.77777777777778,-56.69565217391305,62,87166,24.7,30.6,19.7,77.7,11.8,3.3,175.1,8.6
135,CORRIENTES,abril,-24.77777777777778,-56.69565217391305,62,87166,21.4,26.8,16.9,80.2,11.9,3.9,206.6,10.2
136,CORRIENTES,mayo,-24.77777777777778,-56.69565217391305,62,87166,18,23.4,13.4,80,11.9,3.6,91.9,7.5
137,CORRIENTES,jun,-24.77777777777778,-56.69565217391305,62,87166,15.9,21,11.6,81.2,12.1,4.3,70.5,8.4
138,CORRIENTES,jul,-24.77777777777778,-56.69565217391305,62,87166,15.2,21.1,10.4,76.5,13.4,3.5,37.5,6.1
139,CORRIENTES,ago,-24.77777777777778,-56.69565217391305,62,87166,17,23.4,11.5,72.3,14.6,3.5,47.2,5.7
140,CORRIENTES,sep,-24.77777777777778,-56.69565217391305,62,87166,18.5,24.9,13.1,70.8,15.5,3.6,75.7,8.1
141,CORRIENTES,oct,-24.77777777777778,-56.69565217391305,62,87166,21.8,27.9,16.3,72.3,15.7,3.5,150.7,10.4
142,CORRIENTES,nov,-24.77777777777778,-56.69565217391305,62,87166,23.7,29.5,17.9,72.1,14.1,3.3,184.3,10
143,CORRIENTES,dic,-24.77777777777778,-56.69565217391305,62,87166,25.8,31.9,20.1,70.9,12.5,3.5,157.7,9.3
144,POSADAS,ene,-24.272727272727273,-53.96551724137931,125,87178,27,33,21.8,68.5,9.1,3.6,167.2,10.3
145,POSADAS,feb,-24.272727272727273,-53.96551724137931,125,87178,26.2,32.1,21.3,72.1,9.1,3.6,154.9,9.6
146,POSADAS,mar,-24.272727272727273,-53.96551724137931,125,87178,25.1,31.2,20.2,73,8.6,3.3,144.1,9
147,POSADAS,abril,-24.272727272727273,-53.96551724137931,125,87178,21.9,27.6,17.4,76.4,8.7,3.7,193.8,10.2
148,POSADAS,mayo,-24.272727272727273,-53.96551724137931,125,87178,18.3,23.9,14,77.4,9,3.6,138.2,8.3
149,POSADAS,jun,-24.272727272727273,-53.96551724137931,125,87178,16.5,21.9,12.3,78.8,8.9,4.1,139.8,9.4
150,POSADAS,jul,-24.272727272727273,-53.96551724137931,125,87178,16.1,21.9,11.6,74.7,10.1,3.6,103.3,9
151,POSADAS,ago,-24.272727272727273,-53.96551724137931,125,87178,17.9,24.2,13.1,70.3,10.9,3.6,93.9,8.3
152,POSADAS,sep,-24.272727272727273,-53.96551724137931,125,87178,19.2,25.1,14.3,69.8,11,3.8,145.1,10.9
153,POSADAS,oct,-24.272727272727273,-53.96551724137931,125,87178,22.3,28.3,17.1,69.8,11,3.7,226,11.3
154,POSADAS,nov,-24.272727272727273,-53.96551724137931,125,87178,24.2,30.3,18.6,66.9,10.4,3.4,181,9.5
155,POSADAS,dic,-24.272727272727273,-53.96551724137931,125,87178,26.3,32.4,20.7,65.8,9.6,3.4,179.9,9.4
156,LA RIOJA,ene,-26.391304347826086,-64.77551020408163,429,87217,27.2,34.7,21.1,61.8,S/D,3.9,96.3,8.5
157,LA RIOJA,feb,-26.391304347826086,-64.77551020408163,429,87217,25.8,33,19.9,64.6,S/D,3.9,73.6,7.4
158,LA RIOJA,mar,-26.391304347826086,-64.77551020408163,429,87217,23.9,30.7,18.7,68.6,S/D,3.9,65,6
159,LA RIOJA,abril,-26.391304347826086,-64.77551020408163,429,87217,19.7,26.7,14.5,69.7,S/D,3.6,29.3,3.9
160,LA RIOJA,mayo,-26.391304347826086,-64.77551020408163,429,87217,15.1,22.6,9.7,69.7,S/D,3.4,9,2.1
161,LA RIOJA,jun,-26.391304347826086,-64.77551020408163,429,87217,11.4,19.4,5.6,69.4,S/D,3.4,2.9,0.9
162,LA RIOJA,jul,-26.391304347826086,-64.77551020408163,429,87217,10.8,19.5,4.4,62.9,S/D,2.6,3.8,1
163,LA RIOJA,ago,-26.391304347826086,-64.77551020408163,429,87217,14.2,23,7.2,52.9,S/D,2.4,4.2,0.6
164,LA RIOJA,sep,-26.391304347826086,-64.77551020408163,429,87217,17.9,26.2,10.9,48.9,S/D,2.5,9.4,1.6
165,LA RIOJA,oct,-26.391304347826086,-64.77551020408163,429,87217,22.9,30.9,16,48.8,S/D,2.8,17.6,2.3
166,LA RIOJA,nov,-26.391304347826086,-64.77551020408163,429,87217,25.5,33.5,18.7,51.9,S/D,3.2,35.9,4.1
167,LA RIOJA,dic,-26.391304347826086,-64.77551020408163,429,87217,27.4,35.1,20.9,55.9,S/D,3.6,65,6.4
168,CATAMARCA,ene,-26.333333333333332,-63.69565217391305,464,87222,27.3,34.1,21.5,56.2,20.9,3.6,83.8,8.9
169,CATAMARCA,feb,-26.333333333333332,-63.69565217391305,464,87222,26,32.8,20.4,59.8,18.9,3.6,69.2,7.2
170,CATAMARCA,mar,-26.333333333333332,-63.69565217391305,464,87222,24.4,31.2,19.1,63.8,17,3.4,52.4,7
171,CATAMARCA,abril,-26.333333333333332,-63.69565217391305,464,87222,20.4,27.5,14.7,65.3,14.2,3.4,27,5.3
172,CATAMARCA,mayo,-26.333333333333332,-63.69565217391305,464,87222,16,23.5,9.8,66.3,11.7,3.5,12.6,3.3
173,CATAMARCA,jun,-26.333333333333332,-63.69565217391305,464,87222,12,20,5.3,66.1,9.5,3.5,4.7,2
174,CATAMARCA,jul,-26.333333333333332,-63.69565217391305,464,87222,11.6,20.2,4.4,58.6,10.9,2.8,8.1,2.2
175,CATAMARCA,ago,-26.333333333333332,-63.69565217391305,464,87222,15.4,23.9,7.7,47.7,14.8,2.7,3.2,1.2
176,CATAMARCA,sep,-26.333333333333332,-63.69565217391305,464,87222,19.1,26.8,11.8,43,18.6,2.8,7.3,2.2
177,CATAMARCA,oct,-26.333333333333332,-63.69565217391305,464,87222,23.6,30.9,16.8,44.7,22.4,2.9,25.9,3.6
178,CATAMARCA,nov,-26.333333333333332,-63.69565217391305,464,87222,25.6,32.7,19.3,48.5,22.5,3.1,50.2,5.4
179,CATAMARCA,dic,-26.333333333333332,-63.69565217391305,464,87222,27.3,34.3,21.2,52.5,21.9,3.3,68,7.4
180,VILLA MARIA DEL RIO SECO,ene,-27.88888888888889,-61.53658536585366,341,87244,24,31.4,S/D,74.7,6.2,3.9,130.6,9.9
181,VILLA MARIA DEL RIO SECO,feb,-27.88888888888889,-61.53658536585366,341,87244,22.4,29.8,S/D,79.7,5.7,4.1,119.7,9.1
182,VILLA MARIA DEL RIO SECO,mar,-27.88888888888889,-61.53658536585366,341,87244,21,28.1,S/D,81.8,5.2,4.1,134.5,9.4
183,VILLA MARIA DEL RIO SECO,abril,-27.88888888888889,-61.53658536585366,341,87244,17.3,24.3,S/D,82.1,5.3,4.4,70.4,7.6
184,VILLA MARIA DEL RIO SECO,mayo,-27.88888888888889,-61.53658536585366,341,87244,14,21.3,S/D,79,5.2,4.4,21.3,4.4
185,VILLA MARIA DEL RIO SECO,jun,-27.88888888888889,-61.53658536585366,341,87244,11.2,18.7,S/D,76.7,5.3,4.2,8.4,3.3
186,VILLA MARIA DEL RIO SECO,jul,-27.88888888888889,-61.53658536585366,341,87244,10.5,18.7,S/D,71.8,5.7,3.3,12.5,2.7
187,VILLA MARIA DEL RIO SECO,ago,-27.88888888888889,-61.53658536585366,341,87244,12.9,21.6,S/D,66.3,6.8,3.2,6.7,1.6
188,VILLA MARIA DEL RIO SECO,sep,-27.88888888888889,-61.53658536585366,341,87244,15.3,23.6,S/D,64.7,7.6,3.3,27.1,3.6
189,VILLA MARIA DEL RIO SECO,oct,-27.88888888888889,-61.53658536585366,341,87244,19.2,27.1,S/D,67.5,8.8,3.6,62.6,6.6
190,VILLA MARIA DEL RIO SECO,nov,-27.88888888888889,-61.53658536585366,341,87244,21.4,29.1,S/D,70.4,8.6,3.8,89,8.7
191,VILLA MARIA DEL RIO SECO,dic,-27.88888888888889,-61.53658536585366,341,87244,23.4,30.9,S/D,72.5,7.1,4,130.2,9.6
192,CERES,ene,-27.867924528301888,-59.94736842105263,88,87257,25.3,32.1,19.2,72,10.2,3.3,132,9.4
193,CERES,feb,-27.867924528301888,-59.94736842105263,88,87257,24.1,30.9,18.5,76.3,10.6,3.4,122.4,8.2
194,CERES,mar,-27.867924528301888,-59.94736842105263,88,87257,22.6,29.3,17.3,78.8,10.7,3.4,153.5,9.3
195,CERES,abril,-27.867924528301888,-59.94736842105263,88,87257,18.8,25,14,81.8,9.8,3.9,95.4,9.3
196,CERES,mayo,-27.867924528301888,-59.94736842105263,88,87257,15.2,21.9,10.3,81.7,10.3,4,35.4,6
197,CERES,jun,-27.867924528301888,-59.94736842105263,88,87257,12.3,18.8,7.5,82.3,10.2,4.3,18.7,5.1
198,CERES,jul,-27.867924528301888,-59.94736842105263,88,87257,11.5,18.8,6.2,78.3,12,3.5,15.6,3.8
199,CERES,ago,-27.867924528301888,-59.94736842105263,88,87257,13.7,21.7,7.6,72.7,14.1,3.4,13,3.6
200,CERES,sep,-27.867924528301888,-59.94736842105263,88,87257,16,23.7,9.5,69.6,14.6,3.4,36.4,5.1
201,CERES,oct,-27.867924528301888,-59.94736842105263,88,87257,19.8,27,13.4,69.9,15.1,3.6,83.8,7.5
202,CERES,nov,-27.867924528301888,-59.94736842105263,88,87257,22.2,29,15.8,70.6,13.8,3.3,103.2,9.3
203,CERES,dic,-27.867924528301888,-59.94736842105263,88,87257,24.3,31,17.9,71.3,11.9,3.3,143.7,9.4
204,RECONQUISTA,ene,-23.545454545454547,-57.57142857142857,53,87270,26.4,32.4,20.8,70.3,11.5,3.2,141.4,7.8
205,RECONQUISTA,feb,-23.545454545454547,-57.57142857142857,53,87270,25.2,30.9,20.2,75.6,12,3.4,156.6,8.1
206,RECONQUISTA,mar,-23.545454545454547,-57.57142857142857,53,87270,23.7,29.4,19,78,11.7,3.2,168.3,8.4
207,RECONQUISTA,abril,-23.545454545454547,-57.57142857142857,53,87270,20,25.4,15.7,81.5,10.6,3.8,155.6,9.2
208,RECONQUISTA,mayo,-23.545454545454547,-57.57142857142857,53,87270,16.7,22.2,12.2,81.5,10.8,3.6,58.9,5.8
209,RECONQUISTA,jun,-23.545454545454547,-57.57142857142857,53,87270,14.1,19.3,9.8,83.1,10.7,4.3,49.3,5.7
210,RECONQUISTA,jul,-23.545454545454547,-57.57142857142857,53,87270,13.4,19.5,8.7,78.8,12.6,3.5,31.2,4.3
211,RECONQUISTA,ago,-23.545454545454547,-57.57142857142857,53,87270,15.4,22.2,10,73.5,14.4,3.4,26.3,3.8
212,RECONQUISTA,sep,-23.545454545454547,-57.57142857142857,53,87270,17.1,23.6,11.6,71.5,15,3.5,53.1,6.1
213,RECONQUISTA,oct,-23.545454545454547,-57.57142857142857,53,87270,20.6,26.7,15.1,71.8,15.5,3.5,114,8.7
214,RECONQUISTA,nov,-23.545454545454547,-57.57142857142857,53,87270,22.9,28.7,17.3,71,14,3.2,159.8,9.5
215,RECONQUISTA,dic,-23.545454545454547,-57.57142857142857,53,87270,25,31,19.5,70.4,12.3,3.1,136.4,8.7
216,PASO DE LOS LIBRES,ene,-41.775510204081634,-66.86792452830188,460,87814,26.2,32.6,20.5,67,S/D,3.8,128,7.1
217,PASO DE LOS LIBRES,ene,-27.536585365853657,-50.333333333333336,70,87289,26.2,32.6,20.5,67,S/D,3.8,128,7.1
218,PASO DE LOS LIBRES,feb,-41.775510204081634,-66.86792452830188,460,87814,25,31,20,72.5,S/D,3.9,154.3,8.5
219,PASO DE LOS LIBRES,feb,-27.536585365853657,-50.333333333333336,70,87289,25,31,20,72.5,S/D,3.9,154.3,8.5
220,PASO DE LOS LIBRES,mar,-41.775510204081634,-66.86792452830188,460,87814,23.6,29.6,18.5,74.4,S/D,3.5,166.8,7.7
221,PASO DE LOS LIBRES,mar,-27.536585365853657,-50.333333333333336,70,87289,23.6,29.6,18.5,74.4,S/D,3.5,166.8,7.7
222,PASO DE LOS LIBRES,abril,-41.775510204081634,-66.86792452830188,460,87814,19.9,25.6,15.2,78.1,S/D,3.9,205,8.6
223,PASO DE LOS LIBRES,abril,-27.536585365853657,-50.333333333333336,70,87289,19.9,25.6,15.2,78.1,S/D,3.9,205,8.6
224,PASO DE LOS LIBRES,mayo,-41.775510204081634,-66.86792452830188,460,87814,16.3,21.9,11.7,80.4,S/D,3.9,129.8,7.4
225,PASO DE LOS LIBRES,mayo,-27.536585365853657,-50.333333333333336,70,87289,16.3,21.9,11.7,80.4,S/D,3.9,129.8,7.4
226,PASO DE LOS LIBRES,jun,-41.775510204081634,-66.86792452830188,460,87814,13.9,19.2,9.7,82.3,S/D,4.3,101.4,8
227,PASO DE LOS LIBRES,jun,-27.536585365853657,-50.333333333333336,70,87289,13.9,19.2,9.7,82.3,S/D,4.3,101.4,8
228,PASO DE LOS LIBRES,jul,-41.775510204081634,-66.86792452830188,460,87814,13.4,19.1,9,79.6,S/D,3.9,73.7,6.7
229,PASO DE LOS LIBRES,jul,-27.536585365853657,-50.333333333333336,70,87289,13.4,19.1,9,79.6,S/D,3.9,73.7,6.7
230,PASO DE LOS LIBRES,ago,-41.775510204081634,-66.86792452830188,460,87814,15.3,21.6,10.3,75,S/D,3.8,56.8,5.9
231,PASO DE LOS LIBRES,ago,-27.536585365853657,-50.333333333333336,70,87289,15.3,21.6,10.3,75,S/D,3.8,56.8,5.9
232,PASO DE LOS LIBRES,sep,-41.775510204081634,-66.86792452830188,460,87814,16.7,22.6,11.7,73.8,S/D,4,108.7,7.7
233,PASO DE LOS LIBRES,sep,-27.536585365853657,-50.333333333333336,70,87289,16.7,22.6,11.7,73.8,S/D,4,108.7,7.7
234,PASO DE LOS LIBRES,oct,-41.775510204081634,-66.86792452830188,460,87814,20.1,25.9,14.7,72.2,S/D,3.9,152.6,9.1
235,PASO DE LOS LIBRES,oct,-27.536585365853657,-50.333333333333336,70,87289,20.1,25.9,14.7,72.2,S/D,3.9,152.6,9.1
236,PASO DE LOS LIBRES,nov,-41.775510204081634,-66.86792452830188,460,87814,22.5,28.5,16.8,68.7,S/D,3.5,149.9,7.7
237,PASO DE LOS LIBRES,nov,-27.536585365853657,-50.333333333333336,70,87289,22.5,28.5,16.8,68.7,S/D,3.5,149.9,7.7
238,PASO DE LOS LIBRES,dic,-41.775510204081634,-66.86792452830188,460,87814,25,31.2,19,65.7,S/D,3.6,120.6,6.9
239,PASO DE LOS LIBRES,dic,-27.536585365853657,-50.333333333333336,70,87289,25,31.2,19,65.7,S/D,3.6,120.6,6.9
240,SAN JUAN,ene,-29.235294117647058,-65.6,598,87311,27.1,34.9,19.5,44.3,15.5,2.8,15.7,3.5
241,SAN JUAN,feb,-29.235294117647058,-65.6,598,87311,25.5,33.4,18.2,47.1,13.9,2.7,18.9,2.9
242,SAN JUAN,mar,-29.235294117647058,-65.6,598,87311,22.8,30.3,16.2,54.5,12.9,2.8,11.2,2.5
243,SAN JUAN,abril,-29.235294117647058,-65.6,598,87311,17.2,25.2,10.7,57.9,10.6,2.5,4.4,1.3
244,SAN JUAN,mayo,-29.235294117647058,-65.6,598,87311,12.2,20.5,5.8,61.4,9.3,2.9,4.4,1.2
245,SAN JUAN,jun,-29.235294117647058,-65.6,598,87311,8.3,16.9,1.5,62.5,9.3,2.9,1.6,0.5
246,SAN JUAN,jul,-29.235294117647058,-65.6,598,87311,7.7,16.5,0.7,57.8,10.3,2.5,3.5,1.1
247,SAN JUAN,ago,-29.235294117647058,-65.6,598,87311,10.6,19.9,2.9,48.2,11.6,2.3,3.2,0.9
248,SAN JUAN,sep,-29.235294117647058,-65.6,598,87311,14.4,23.2,6.5,43.8,12.6,2.5,5.6,1.8
249,SAN JUAN,oct,-29.235294117647058,-65.6,598,87311,19.8,28.1,11.4,39.6,14.8,2.3,3.6,1.1
250,SAN JUAN,nov,-29.235294117647058,-65.6,598,87311,23.4,31.6,14.8,38.9,16,2.3,7,1.6
251,SAN JUAN,dic,-29.235294117647058,-65.6,598,87311,26.3,34.2,18,40.1,16.1,2.5,11.6,2.3
252,CHAMICAL,ene,-27.272727272727273,-62.470588235294116,461,87320,26.5,33.2,20.3,60,11.7,3.6,105,8.6
253,CHAMICAL,feb,-27.272727272727273,-62.470588235294116,461,87320,25.1,31.6,19.3,63.3,9.8,3.7,95.1,6.6
254,CHAMICAL,mar,-27.272727272727273,-62.470588235294116,461,87320,23.2,29.2,18.1,67.4,8.2,3.9,68.2,6.8
255,CHAMICAL,abril,-27.272727272727273,-62.470588235294116,461,87320,19.1,25.2,14.1,68.6,7.1,3.9,26.6,4.4
256,CHAMICAL,mayo,-27.272727272727273,-62.470588235294116,461,87320,15.2,21.4,10,68.7,6.6,3.8,9.9,2.7
257,CHAMICAL,jun,-27.272727272727273,-62.470588235294116,461,87320,11.9,18.3,6.6,67.4,6.4,3.9,2.1,1.5
258,CHAMICAL,jul,-27.272727272727273,-62.470588235294116,461,87320,11.3,18.6,5.3,60,7.5,2.9,4.9,1.4
259,CHAMICAL,ago,-27.272727272727273,-62.470588235294116,461,87320,14.4,22,7.7,50.3,9.5,2.6,1.7,1
260,CHAMICAL,sep,-27.272727272727273,-62.470588235294116,461,87320,17.7,25,10.6,46.5,11.3,2.8,9.4,2.2
261,CHAMICAL,oct,-27.272727272727273,-62.470588235294116,461,87320,22.2,29.3,15.1,47.3,13.8,2.9,30.4,2.9
262,CHAMICAL,nov,-27.272727272727273,-62.470588235294116,461,87320,24.6,31.7,17.7,50.5,14,3.2,42.6,5.4
263,CHAMICAL,dic,-27.272727272727273,-62.470588235294116,461,87320,26.4,33.5,19.7,54.8,13.2,3.4,83.5,7.2
264,VILLA DOLORES,ene,-29.94736842105263,-57.5,566,87328,25.1,32.3,18.1,61.1,7.1,3.4,121.1,10.5
265,VILLA DOLORES,feb,-29.94736842105263,-57.5,566,87328,23.7,31,17.1,64.9,5,3.5,102.2,9.1
266,VILLA DOLORES,mar,-29.94736842105263,-57.5,566,87328,21.8,28.8,16,70.3,4.6,3.6,94.4,8.6
267,VILLA DOLORES,abril,-29.94736842105263,-57.5,566,87328,17.7,24.9,12.2,71.4,5,3.5,42.4,5.5
268,VILLA DOLORES,mayo,-29.94736842105263,-57.5,566,87328,13.8,21.1,8.7,72.2,4.6,3.8,17.6,3.7
269,VILLA DOLORES,jun,-29.94736842105263,-57.5,566,87328,10.7,18.3,5.6,70.5,4.3,3.6,4.7,1.8
270,VILLA DOLORES,jul,-29.94736842105263,-57.5,566,87328,10.1,18.2,4.5,64.3,5.6,3.1,13.2,2.5
271,VILLA DOLORES,ago,-29.94736842105263,-57.5,566,87328,12.9,21.3,6.6,54.4,6.5,3,6.1,1.6
272,VILLA DOLORES,sep,-29.94736842105263,-57.5,566,87328,15.8,24,8.8,50.5,7.1,3.1,22.9,3.7
273,VILLA DOLORES,oct,-29.94736842105263,-57.5,566,87328,20.3,28.1,12.8,50.7,8.7,3.2,35.1,4.8
274,VILLA DOLORES,nov,-29.94736842105263,-57.5,566,87328,22.8,30.4,15.2,53,8.6,3.3,75.1,8
275,VILLA DOLORES,dic,-29.94736842105263,-57.5,566,87328,24.6,31.9,17.3,57.9,7.3,3.5,113.3,10.5
276,CORDOBA,ene,-27.666666666666668,-59.0,495,87344,23.4,29.4,17.5,69.9,12.6,3.8,141,11
277,CORDOBA,feb,-27.666666666666668,-59.0,495,87344,22.2,28.3,16.6,73.2,11.3,3.9,115.9,9.5
278,CORDOBA,mar,-27.666666666666668,-59.0,495,87344,20.7,26.9,15.5,76,11.4,3.9,126.9,9.6
279,CORDOBA,abril,-27.666666666666668,-59.0,495,87344,17.2,23.6,11.7,74.4,11.5,4,66.3,6.4
280,CORDOBA,mayo,-27.666666666666668,-59.0,495,87344,13.7,20.5,8.3,72.7,11.2,4.2,21.3,4.3
281,CORDOBA,jun,-27.666666666666668,-59.0,495,87344,10.7,18,5.1,70.3,10.9,4,4.8,2
282,CORDOBA,jul,-27.666666666666668,-59.0,495,87344,10,17.6,4,65.7,12,3.5,13.5,2.7
283,CORDOBA,ago,-27.666666666666668,-59.0,495,87344,12.5,20.3,5.9,58.3,13.5,3.3,9.7,1.7
284,CORDOBA,sep,-27.666666666666668,-59.0,495,87344,14.9,22.3,8.2,56.7,14.8,3.5,35.2,3.7
285,CORDOBA,oct,-27.666666666666668,-59.0,495,87344,18.6,25.6,11.9,60,15.8,3.7,71.9,6.7
286,CORDOBA,nov,-27.666666666666668,-59.0,495,87344,20.9,27.5,14.4,62.4,15.8,3.7,118.3,8.9
287,CORDOBA,dic,-27.666666666666668,-59.0,495,87344,22.9,29,16.8,65.9,13.7,4,156.9,11.1
288,PILAR,ene,-29.5,-61.867924528301884,338,87349,23.4,29.9,17.9,70.2,S/D,3.5,132.2,10.7
289,PILAR,feb,-29.5,-61.867924528301884,338,87349,22.1,28.6,16.9,74.2,S/D,3.6,106.1,9.1
290,PILAR,mar,-29.5,-61.867924528301884,338,87349,20.6,27,15.7,77.2,S/D,3.7,109.6,9.5
291,PILAR,abril,-29.5,-61.867924528301884,338,87349,17,23.7,12.1,75.5,S/D,3.8,63.4,7
292,PILAR,mayo,-29.5,-61.867924528301884,338,87349,13.6,20.2,8.6,74.3,S/D,4.1,23.9,4.8
293,PILAR,jun,-29.5,-61.867924528301884,338,87349,10.5,17.4,5.5,72.6,S/D,4,4.9,2.9
294,PILAR,jul,-29.5,-61.867924528301884,338,87349,9.7,17,4.4,68,S/D,3.5,13.8,2.9
295,PILAR,ago,-29.5,-61.867924528301884,338,87349,11.9,19.8,5.8,60.9,S/D,3.3,9.6,2.3
296,PILAR,sep,-29.5,-61.867924528301884,338,87349,14.3,22,8.2,58.9,S/D,3.4,33.1,4.5
297,PILAR,oct,-29.5,-61.867924528301884,338,87349,18.3,25.3,12.2,61.6,S/D,3.6,66.6,7.4
298,PILAR,nov,-29.5,-61.867924528301884,338,87349,20.8,27.7,14.8,62.9,S/D,3.6,103.2,9.9
299,PILAR,dic,-29.5,-61.867924528301884,338,87349,22.9,29.4,17.1,66.1,S/D,3.7,130.1,11.7
300,SAUCE VIEJO,ene,-29.571428571428573,-58.775510204081634,18,87371,25.8,31.8,20.1,70.9,9.2,3,95.4,7
301,SAUCE VIEJO,feb,-29.571428571428573,-58.775510204081634,18,87371,24.4,30.1,19.2,75.4,8.8,3.2,112,7
302,SAUCE VIEJO,mar,-29.571428571428573,-58.775510204081634,18,87371,22.8,28.5,18,78.3,9.6,3.1,146.4,7.9
303,SAUCE VIEJO,abril,-29.571428571428573,-58.775510204081634,18,87371,18.7,24.3,14.1,81.5,8.9,3.5,116.2,7.8
304,SAUCE VIEJO,mayo,-29.571428571428573,-58.775510204081634,18,87371,15.4,21,10.9,82.5,9.8,3.6,49.4,4.7
305,SAUCE VIEJO,jun,-29.571428571428573,-58.775510204081634,18,87371,12.2,17.6,7.9,83.6,10.1,4,31.5,3.5
306,SAUCE VIEJO,jul,-29.571428571428573,-58.775510204081634,18,87371,11.5,17.3,6.9,80.4,12.1,3.4,23.9,3
307,SAUCE VIEJO,ago,-29.571428571428573,-58.775510204081634,18,87371,13.7,19.9,8.5,75.7,13.8,3.2,28.4,3.3
308,SAUCE VIEJO,sep,-29.571428571428573,-58.775510204081634,18,87371,15.9,21.9,10.5,73,13.9,3.3,53.2,4.9
309,SAUCE VIEJO,oct,-29.571428571428573,-58.775510204081634,18,87371,19.5,25.4,14.1,72.7,14.3,3.3,110.5,7.3
310,SAUCE VIEJO,nov,-29.571428571428573,-58.775510204081634,18,87371,22.1,27.9,16.7,71.1,13.4,3.1,128.9,7.5
311,SAUCE VIEJO,dic,-29.571428571428573,-58.775510204081634,18,87371,24.4,30.2,18.9,70.5,10.9,3.1,124.9,8.2
312,PARANA,ene,-29.72340425531915,-57.93103448275862,78,87374,25.1,31.2,19.3,65.6,10.6,3,115.2,7.6
313,PARANA,feb,-29.72340425531915,-57.93103448275862,78,87374,23.6,29.6,18.5,71.5,10.3,3.2,134.8,8
314,PARANA,mar,-29.72340425531915,-57.93103448275862,78,87374,22,27.9,17.1,74.5,9.6,3.1,155,8
315,PARANA,abril,-29.72340425531915,-57.93103448275862,78,87374,18,23.5,13.6,78.3,9.5,3.5,132.7,8.4
316,PARANA,mayo,-29.72340425531915,-57.93103448275862,78,87374,14.8,20.2,10.6,78.9,9.4,3.7,58.3,5.4
317,PARANA,jun,-29.72340425531915,-57.93103448275862,78,87374,12,16.9,8,80.1,10,4.1,38.2,4.9
318,PARANA,jul,-29.72340425531915,-57.93103448275862,78,87374,11.3,16.6,7.1,76.6,11.3,3.5,32.4,4.3
319,PARANA,ago,-29.72340425531915,-57.93103448275862,78,87374,13.2,19.3,8.4,71.3,12.7,3.3,32.4,4.3
320,PARANA,sep,-29.72340425531915,-57.93103448275862,78,87374,15.1,21.1,9.9,68.8,13.4,3.4,61.2,5.6
321,PARANA,oct,-29.72340425531915,-57.93103448275862,78,87374,18.5,24.5,13.1,69.3,13.9,3.4,127.6,9
322,PARANA,nov,-29.72340425531915,-57.93103448275862,78,87374,21.3,27.2,15.6,66.9,13.2,3.1,118.7,8.2
323,PARANA,dic,-29.72340425531915,-57.93103448275862,78,87374,23.6,29.6,17.8,65.2,12,3.1,141.2,9.2
324,MONTE CASEROS,ene,-26.25,-55.46153846153846,54,87393,26.3,32.6,20.6,66.9,S/D,3.3,154.1,8.3
325,MONTE CASEROS,feb,-26.25,-55.46153846153846,54,87393,25,31,19.9,72.9,S/D,3.5,144.7,8.8
326,MONTE CASEROS,mar,-26.25,-55.46153846153846,54,87393,23.5,29.6,18.5,74.7,S/D,3.2,154.3,8.5
327,MONTE CASEROS,abril,-26.25,-55.46153846153846,54,87393,19.6,25.3,15.2,79,S/D,3.6,189.7,9.5
328,MONTE CASEROS,mayo,-26.25,-55.46153846153846,54,87393,16.1,21.7,11.7,80.4,S/D,3.6,110.9,7.6
329,MONTE CASEROS,jun,-26.25,-55.46153846153846,54,87393,13.7,18.9,9.5,81.9,S/D,4.2,88.4,7.8
330,MONTE CASEROS,jul,-26.25,-55.46153846153846,54,87393,13.1,18.8,8.8,78.9,S/D,3.7,64.1,6.4
331,MONTE CASEROS,ago,-26.25,-55.46153846153846,54,87393,15,21.3,10,74.5,S/D,3.7,57.5,5.8
332,MONTE CASEROS,sep,-26.25,-55.46153846153846,54,87393,16.6,22.4,11.5,73.1,S/D,3.8,107.3,7.9
333,MONTE CASEROS,oct,-26.25,-55.46153846153846,54,87393,20,25.8,14.6,71.9,S/D,3.6,146.5,9.4
334,MONTE CASEROS,nov,-26.25,-55.46153846153846,54,87393,22.5,28.4,16.8,69.1,S/D,3.3,154,8.3
335,MONTE CASEROS,dic,-26.25,-55.46153846153846,54,87393,25,31.2,19,65.8,S/D,3.3,134.1,8.1
336,CONCORDIA,ene,-27.666666666666668,2.0,38,87395,25.8,32.2,19.4,63.5,9.3,3.1,133.9,8.3
337,CONCORDIA,feb,-27.666666666666668,2.0,38,87395,24.4,30.4,18.8,70.1,8.5,3.5,145.7,8.4
338,CONCORDIA,mar,-27.666666666666668,2.0,38,87395,22.8,28.8,17.3,72.4,7.5,3.1,156.5,8.2
339,CONCORDIA,abril,-27.666666666666668,2.0,38,87395,18.8,24.5,13.8,77.5,6.8,3.5,163.4,9
340,CONCORDIA,mayo,-27.666666666666668,2.0,38,87395,15.3,20.8,10.5,79.8,7,3.7,99.7,7.8
341,CONCORDIA,jun,-27.666666666666668,2.0,38,87395,12.7,17.9,8.2,81,7.2,4.2,82.4,7.8
342,CONCORDIA,jul,-27.666666666666668,2.0,38,87395,12.2,17.8,7.4,78,8.6,3.8,52.2,6.9
343,CONCORDIA,ago,-27.666666666666668,2.0,38,87395,14.1,20.2,8.6,73.9,10.4,3.6,58.7,6.4
344,CONCORDIA,sep,-27.666666666666668,2.0,38,87395,15.7,21.8,10.1,71.4,11.8,3.7,85.6,7.1
345,CONCORDIA,oct,-27.666666666666668,2.0,38,87395,19.1,25.1,13.2,70.4,12.3,3.6,136.9,8.8
346,CONCORDIA,nov,-27.666666666666668,2.0,38,87395,21.7,27.7,15.4,67.1,11.3,3.2,140.8,7.8
347,CONCORDIA,dic,-27.666666666666668,2.0,38,87395,24.2,30.6,17.7,63.7,10.9,3.1,121,7.8
348,SAN MARTIN,ene,-21.0,-65.6,653,87416,24.6,32.4,17.8,55.5,7.1,2.9,45,6.3
349,SAN MARTIN,feb,-21.0,-65.6,653,87416,23.2,31.1,16.5,59.2,6.2,3,36.3,5
350,SAN MARTIN,mar,-21.0,-65.6,653,87416,20.5,28.1,14.8,66.4,6,3.1,43,4.4
351,SAN MARTIN,abril,-21.0,-65.6,653,87416,15.6,23.5,10.1,69.8,5.2,3,15.8,2.6
352,SAN MARTIN,mayo,-21.0,-65.6,653,87416,11.3,19.1,6.1,70.6,4.7,3.4,9.2,2.2
353,SAN MARTIN,jun,-21.0,-65.6,653,87416,8,15.7,2.7,69.9,4.5,3.3,3.7,1.4
354,SAN MARTIN,jul,-21.0,-65.6,653,87416,7.5,15.4,1.9,65,5.1,3,6.8,1.9
355,SAN MARTIN,ago,-21.0,-65.6,653,87416,10.2,18.6,4,56.7,5.9,2.8,6.4,1.6
356,SAN MARTIN,sep,-21.0,-65.6,653,87416,13.3,21.5,6.8,54.7,6.9,2.9,12.4,2.7
357,SAN MARTIN,oct,-21.0,-65.6,653,87416,18,26,11,51.3,7.7,2.7,12.7,2.2
358,SAN MARTIN,nov,-21.0,-65.6,653,87416,21.3,29.2,14,51.1,8.4,2.6,20.1,3.7
359,SAN MARTIN,dic,-21.0,-65.6,653,87416,23.9,31.7,16.8,51.5,7.5,2.8,28.4,5.3
360,MENDOZA,ene,-30.8,-66.72340425531915,704,87418,25.5,32.3,18.7,49.8,8.3,3.3,50.5,6.1
361,MENDOZA,feb,-30.8,-66.72340425531915,704,87418,24,30.9,17.4,53.6,6.9,3.4,33.7,5.1
362,MENDOZA,mar,-30.8,-66.72340425531915,704,87418,21.3,27.9,15.5,61.8,6,3.4,34.9,4.9
363,MENDOZA,abril,-30.8,-66.72340425531915,704,87418,16.2,23.2,10.4,65.6,4.9,3.2,16.5,3.5
364,MENDOZA,mayo,-30.8,-66.72340425531915,704,87418,11.8,18.7,6.2,68.3,4.5,3.7,10.5,3.2
365,MENDOZA,jun,-30.8,-66.72340425531915,704,87418,8.4,15.7,2.9,69.4,4.3,3.5,6.3,2.1
366,MENDOZA,jul,-30.8,-66.72340425531915,704,87418,7.9,15,2.1,64.4,4.9,3.3,8,2.7
367,MENDOZA,ago,-30.8,-66.72340425531915,704,87418,10.6,18.3,4.2,55.1,6,3.1,8,2.4
368,MENDOZA,sep,-30.8,-66.72340425531915,704,87418,13.9,21.1,7.2,51.3,6.7,3.2,15.1,3.8
369,MENDOZA,oct,-30.8,-66.72340425531915,704,87418,18.8,25.9,11.7,45.7,8.1,3,10.4,3
370,MENDOZA,nov,-30.8,-66.72340425531915,704,87418,22.2,29.2,15.1,44.5,8.9,3,16.4,4
371,MENDOZA,dic,-30.8,-66.72340425531915,704,87418,24.9,31.8,17.9,45.8,8.8,3.1,24.3,4.3
372,MENDOZA OBSERVATORIO,ene,-30.867924528301888,-66.82352941176471,827,87420,23.9,30.4,18.2,53.5,4.4,3.4,40,7.4
373,MENDOZA OBSERVATORIO,feb,-30.867924528301888,-66.82352941176471,827,87420,22.5,29.1,16.9,58.1,3.8,3.5,43,6.5
374,MENDOZA OBSERVATORIO,mar,-30.867924528301888,-66.82352941176471,827,87420,20,26.5,15.1,64.7,4,3.6,38.7,7.4
375,MENDOZA OBSERVATORIO,abril,-30.867924528301888,-66.82352941176471,827,87420,15.3,22,10.8,66.1,3.4,3.4,19.6,4.4
376,MENDOZA OBSERVATORIO,mayo,-30.867924528301888,-66.82352941176471,827,87420,11.2,17.9,7,67.8,3,3.8,12.9,3.7
377,MENDOZA OBSERVATORIO,jun,-30.867924528301888,-66.82352941176471,827,87420,8.1,15,3.9,68.8,3.1,3.7,8.7,3.2
378,MENDOZA OBSERVATORIO,jul,-30.867924528301888,-66.82352941176471,827,87420,7.5,14.5,3.1,64.8,3.8,3.4,10.9,3.5
379,MENDOZA OBSERVATORIO,ago,-30.867924528301888,-66.82352941176471,827,87420,10,17.3,5.1,57.3,4.3,3.2,10.4,3.4
380,MENDOZA OBSERVATORIO,sep,-30.867924528301888,-66.82352941176471,827,87420,13,19.9,7.4,54.9,4.3,3.4,18.8,4.9
381,MENDOZA OBSERVATORIO,oct,-30.867924528301888,-66.82352941176471,827,87420,17.5,24.2,11.5,50.7,5.2,3.1,13.7,4
382,MENDOZA OBSERVATORIO,nov,-30.867924528301888,-66.82352941176471,827,87420,20.6,27.3,14.5,50.5,5.7,3.1,20.7,4.4
383,MENDOZA OBSERVATORIO,dic,-30.867924528301888,-66.82352941176471,827,87420,23.2,29.8,17.3,51.3,4.9,3.3,28,5.7
384,SAN LUIS,ene,-29.25,-63.142857142857146,713,87436,24.4,31.1,17.9,54.4,18,3.4,119.5,10.2
385,SAN LUIS,feb,-29.25,-63.142857142857146,713,87436,23.2,30,17,56.7,16.7,3.2,97.5,8.3
386,SAN LUIS,mar,-29.25,-63.142857142857146,713,87436,20.8,27.3,15.3,63.7,15.1,3.4,98.9,7.9
387,SAN LUIS,abril,-29.25,-63.142857142857146,713,87436,16.6,23.3,11.3,64.6,14.8,3.3,41.4,5
388,SAN LUIS,mayo,-29.25,-63.142857142857146,713,87436,12.9,19.7,7.7,64.2,13.8,3.9,19.8,3.3
389,SAN LUIS,jun,-29.25,-63.142857142857146,713,87436,10,17,4.5,62.4,14.2,3.9,5.7,1.9
390,SAN LUIS,jul,-29.25,-63.142857142857146,713,87436,9.4,16.6,3.7,57.6,15.4,3.5,11.2,2.7
391,SAN LUIS,ago,-29.25,-63.142857142857146,713,87436,11.9,19.3,5.9,49.6,17.3,3.2,8.6,2.2
392,SAN LUIS,sep,-29.25,-63.142857142857146,713,87436,14.7,21.8,8.5,47,17.9,3.4,24.3,4.3
393,SAN LUIS,oct,-29.25,-63.142857142857146,713,87436,18.9,25.8,12.5,46.9,21.7,3.3,40.5,5.4
394,SAN LUIS,nov,-29.25,-63.142857142857146,713,87436,21.6,28.4,15,48.3,20.9,3.3,80.4,7.8
395,SAN LUIS,dic,-29.25,-63.142857142857146,713,87436,23.8,30.5,17.1,51.4,20.1,3.4,110.1,10.6
396,VILLA REYNOLDS,ene,-31.636363636363637,-62.391304347826086,486,87448,22.9,30.8,15.2,68.2,12.4,3.8,103.7,9.8
397,VILLA REYNOLDS,feb,-31.636363636363637,-62.391304347826086,486,87448,21.7,30,14.3,70.7,11.3,3.6,85.7,8.1
398,VILLA REYNOLDS,mar,-31.636363636363637,-62.391304347826086,486,87448,19.5,27.7,12.7,76,10.2,3.7,94.6,9
399,VILLA REYNOLDS,abril,-31.636363636363637,-62.391304347826086,486,87448,15.1,23.9,8.3,76.5,8.9,3.6,55,6
400,VILLA REYNOLDS,mayo,-31.636363636363637,-62.391304347826086,486,87448,11.2,20.3,4.4,76.4,8.5,4.1,28.5,4.4
401,VILLA REYNOLDS,jun,-31.636363636363637,-62.391304347826086,486,87448,7.9,17.4,1,75.9,8.4,4.2,9.5,2.7
402,VILLA REYNOLDS,jul,-31.636363636363637,-62.391304347826086,486,87448,7.1,16.9,-0.1,72.2,8.9,3.8,18.8,3.7
403,VILLA REYNOLDS,ago,-31.636363636363637,-62.391304347826086,486,87448,9.6,19.7,1.6,65.7,10.5,3.7,17.1,3.4
404,VILLA REYNOLDS,sep,-31.636363636363637,-62.391304347826086,486,87448,12.7,22,4.4,63,12.3,3.8,35.2,5.4
405,VILLA REYNOLDS,oct,-31.636363636363637,-62.391304347826086,486,87448,16.9,25.2,8.9,62.9,15.1,4,58.8,8.3
406,VILLA REYNOLDS,nov,-31.636363636363637,-62.391304347826086,486,87448,19.8,27.8,11.8,63,15.8,3.9,85.9,9.7
407,VILLA REYNOLDS,dic,-31.636363636363637,-62.391304347826086,486,87448,22.2,30,14.3,65,14.3,3.9,113.1,10.9
408,RIO CUARTO,ene,-24.42857142857143,-59.714285714285715,421,87453,22.9,28.9,17.5,67.8,15.9,3.4,144.5,9.5
409,RIO CUARTO,feb,-24.42857142857143,-59.714285714285715,421,87453,21.8,28,16.6,70.2,14.3,3.4,90.6,7.5
410,RIO CUARTO,mar,-24.42857142857143,-59.714285714285715,421,87453,20.1,26.3,15.2,74,13.7,3.4,107.8,8.2
411,RIO CUARTO,abril,-24.42857142857143,-59.714285714285715,421,87453,16.3,22.7,11.5,72.9,13.8,3.5,64.7,6
412,RIO CUARTO,mayo,-24.42857142857143,-59.714285714285715,421,87453,12.7,19,8,72.2,12.4,3.9,31.5,3.9
413,RIO CUARTO,jun,-24.42857142857143,-59.714285714285715,421,87453,9.7,15.9,4.9,70.9,13.5,3.9,8.4,2.4
414,RIO CUARTO,jul,-24.42857142857143,-59.714285714285715,421,87453,8.9,15.5,4,66.8,15.1,3.5,14.5,3.3
415,RIO CUARTO,ago,-24.42857142857143,-59.714285714285715,421,87453,11,18.2,5.6,60.2,16.7,3.3,13.9,2.6
416,RIO CUARTO,sep,-24.42857142857143,-59.714285714285715,421,87453,13.6,20.5,7.9,58.6,18.3,3.5,40.1,4.7
417,RIO CUARTO,oct,-24.42857142857143,-59.714285714285715,421,87453,17.4,24,11.6,60.8,19,3.7,75.4,7.6
418,RIO CUARTO,nov,-24.42857142857143,-59.714285714285715,421,87453,20.1,26.5,14.3,61.2,18.3,3.6,128.7,9.1
419,RIO CUARTO,dic,-24.42857142857143,-59.714285714285715,421,87453,22.2,28.3,16.6,63.8,16.8,3.6,138.6,10.3
420,MARCOS JUAREZ,ene,-30.571428571428573,-55.333333333333336,114,87467,23.8,30.8,17.5,73.8,8.5,3.2,114.3,8.3
421,MARCOS JUAREZ,feb,-30.571428571428573,-55.333333333333336,114,87467,22.2,29.1,16.4,78.7,8,3.1,115,7.8
422,MARCOS JUAREZ,mar,-30.571428571428573,-55.333333333333336,114,87467,20.7,27.7,15.1,80,9.1,3.1,108.1,8.4
423,MARCOS JUAREZ,abril,-30.571428571428573,-55.333333333333336,114,87467,16.9,24,11.5,80,8.9,3.4,96.3,7.3
424,MARCOS JUAREZ,mayo,-30.571428571428573,-55.333333333333336,114,87467,13.3,20.4,8.1,80.4,8.9,3.7,36.8,5
425,MARCOS JUAREZ,jun,-30.571428571428573,-55.333333333333336,114,87467,10.2,17,5,81.2,9,4,15.8,3.7
426,MARCOS JUAREZ,jul,-30.571428571428573,-55.333333333333336,114,87467,9.3,16.7,3.8,78.2,10.4,3.5,17,3.4
427,MARCOS JUAREZ,ago,-30.571428571428573,-55.333333333333336,114,87467,11.4,19.6,5.1,73.7,12.4,3.2,21.2,3.6
428,MARCOS JUAREZ,sep,-30.571428571428573,-55.333333333333336,114,87467,13.9,21.7,7.2,70.8,13.7,3.3,43.1,4.9
429,MARCOS JUAREZ,oct,-30.571428571428573,-55.333333333333336,114,87467,17.9,25.3,11.3,70,13.9,3.4,94.6,8
430,MARCOS JUAREZ,nov,-30.571428571428573,-55.333333333333336,114,87467,20.9,28.1,14.2,68,13.3,3.3,101.1,8.7
431,MARCOS JUAREZ,dic,-30.571428571428573,-55.333333333333336,114,87467,23,29.9,16.5,70.2,10.4,3.3,148.3,9.6
432,ROSARIO,ene,-30.90909090909091,-58.723404255319146,25,87480,24.6,30.8,18.4,68.2,11.1,3.2,111.8,7.9
433,ROSARIO,feb,-30.90909090909091,-58.723404255319146,25,87480,23.2,29.2,17.5,73.7,10,3.3,120.6,7.6
434,ROSARIO,mar,-30.90909090909091,-58.723404255319146,25,87480,21.4,27.4,16,77.2,10.1,3.1,144.8,8.1
435,ROSARIO,abril,-30.90909090909091,-58.723404255319146,25,87480,17.3,23.5,12.1,80,9.3,3.5,111.8,8.2
436,ROSARIO,mayo,-30.90909090909091,-58.723404255319146,25,87480,13.8,19.9,8.7,81.1,9.3,3.8,59,5.2
437,ROSARIO,jun,-30.90909090909091,-58.723404255319146,25,87480,10.7,16.6,6,82.2,10,4.3,27.7,4.7
438,ROSARIO,jul,-30.90909090909091,-58.723404255319146,25,87480,10,16.2,4.8,79.6,11.1,3.7,24.7,4.1
439,ROSARIO,ago,-30.90909090909091,-58.723404255319146,25,87480,12.1,18.9,6.2,74.7,12.4,3.5,32.4,4.2
440,ROSARIO,sep,-30.90909090909091,-58.723404255319146,25,87480,14.5,20.9,8.3,70.6,13.8,3.5,47.4,5.3
441,ROSARIO,oct,-30.90909090909091,-58.723404255319146,25,87480,18.1,24.2,12,70.4,14.5,3.6,108.5,8.9
442,ROSARIO,nov,-30.90909090909091,-58.723404255319146,25,87480,21,27.1,14.7,67.9,13.8,3.4,112.3,8.6
443,ROSARIO,dic,-30.90909090909091,-58.723404255319146,25,87480,23.4,29.6,17.2,67.2,11.9,3.3,120.6,9.4
456,MALARGUE,ene,-33.0,-67.28571428571429,1425,87506,20,28.5,11.2,46,8.7,2.6,25,5
457,MALARGUE,feb,-33.0,-67.28571428571429,1425,87506,18.7,27.1,10.5,51.6,7.9,2.8,26.4,5.7
458,MALARGUE,mar,-33.0,-67.28571428571429,1425,87506,16.2,24.7,8.8,58.2,6.5,3.1,33.5,4.9
459,MALARGUE,abril,-33.0,-67.28571428571429,1425,87506,11.3,19.9,4.4,62,6.9,3.3,22.9,3.5
460,MALARGUE,mayo,-33.0,-67.28571428571429,1425,87506,7.1,15,1,64.2,6.9,4,26.9,4.9
461,MALARGUE,jun,-33.0,-67.28571428571429,1425,87506,4.6,12.1,-1.1,66.3,8.1,4.1,38.7,6
462,MALARGUE,jul,-33.0,-67.28571428571429,1425,87506,3.6,11.4,-2.4,64.2,9.6,3.9,34.1,4.9
463,MALARGUE,ago,-33.0,-67.28571428571429,1425,87506,5.5,13.7,-1.2,59,9.4,3.7,30.1,5
464,MALARGUE,sep,-33.0,-67.28571428571429,1425,87506,8.2,16.3,0.9,53.5,9.4,3.7,23.9,5.2
465,MALARGUE,oct,-33.0,-67.28571428571429,1425,87506,12.6,20.6,4.4,45.8,10.8,3.5,19.6,4
466,MALARGUE,nov,-33.0,-67.28571428571429,1425,87506,16,24.3,7.2,42.8,10.7,3.1,22.3,3.7
467,MALARGUE,dic,-33.0,-67.28571428571429,1425,87506,19,27.2,10.1,43.1,10.1,2.8,29.6,4.3
468,SAN RAFAEL,ene,-32.285714285714285,-65.5,748,87509,23.3,31.1,15.4,53.6,S/D,2.7,61,7.5
469,SAN RAFAEL,feb,-32.285714285714285,-65.5,748,87509,22,30,14.5,56.8,S/D,2.7,42.8,6.1
470,SAN RAFAEL,mar,-32.285714285714285,-65.5,748,87509,19.3,27,12.8,63.6,S/D,2.9,37.2,5.3
471,SAN RAFAEL,abril,-32.285714285714285,-65.5,748,87509,14.5,22.5,8.4,66.9,S/D,2.9,26.1,4.1
472,SAN RAFAEL,mayo,-32.285714285714285,-65.5,748,87509,10.5,18.5,4.8,68,S/D,3.4,15.6,3.7
473,SAN RAFAEL,jun,-32.285714285714285,-65.5,748,87509,7.7,15.8,2,66.1,S/D,3.4,9.1,2.9
474,SAN RAFAEL,jul,-32.285714285714285,-65.5,748,87509,6.9,15.2,0.9,63.4,S/D,3.2,13.2,2.8
475,SAN RAFAEL,ago,-32.285714285714285,-65.5,748,87509,9,17.6,2.4,57.2,S/D,3,16,3.3
476,SAN RAFAEL,sep,-32.285714285714285,-65.5,748,87509,11.8,19.8,4.7,55.8,S/D,3.1,27.4,4.7
477,SAN RAFAEL,oct,-32.285714285714285,-65.5,748,87509,16.3,24.2,8.3,51.9,S/D,3,30.5,4.7
478,SAN RAFAEL,nov,-32.285714285714285,-65.5,748,87509,19.6,27.5,11.2,50.2,S/D,2.8,38.6,5.7
479,SAN RAFAEL,dic,-32.285714285714285,-65.5,748,87509,22.4,30.2,14,50.7,S/D,2.6,45.3,6.7
480,GENERAL PICO,ene,-33.57142857142857,-61.666666666666664,145,87532,23.8,30.7,16.9,64.7,12.4,3.2,111.2,8.5
481,GENERAL PICO,feb,-33.57142857142857,-61.666666666666664,145,87532,22.5,29.7,15.8,67.4,10.8,3,102.7,6.7
482,GENERAL PICO,mar,-33.57142857142857,-61.666666666666664,145,87532,20.2,27.2,14.4,72.2,10.9,3.4,143.8,8.9
483,GENERAL PICO,abril,-33.57142857142857,-61.666666666666664,145,87532,16,22.9,10.3,73.8,9.6,3.4,70.4,6.2
484,GENERAL PICO,mayo,-33.57142857142857,-61.666666666666664,145,87532,12,18.7,6.6,76.5,9.8,3.8,32.8,4.7
485,GENERAL PICO,jun,-33.57142857142857,-61.666666666666664,145,87532,8.8,15.2,3.6,78.2,9.5,4.2,17.4,3.8
486,GENERAL PICO,jul,-33.57142857142857,-61.666666666666664,145,87532,8.1,14.8,2.6,75.1,10.7,3.9,22,4.2
487,GENERAL PICO,ago,-33.57142857142857,-61.666666666666664,145,87532,10.4,17.7,4.1,67.2,14.1,3.5,24.9,3.4
488,GENERAL PICO,sep,-33.57142857142857,-61.666666666666664,145,87532,13.1,20.2,6.5,65.2,14.4,3.7,55.2,5.9
489,GENERAL PICO,oct,-33.57142857142857,-61.666666666666664,145,87532,16.7,23.6,10.2,65.1,15.6,3.7,87.2,8.9
490,GENERAL PICO,nov,-33.57142857142857,-61.666666666666664,145,87532,20,27,13.2,60.1,15.5,3.4,99.8,8.4
491,GENERAL PICO,dic,-33.57142857142857,-61.666666666666664,145,87532,22.8,29.7,15.8,59.7,13.6,3.3,124.4,8.9
492,LABOULAYE,ene,-26.5,-60.27272727272727,137,87534,23.1,30.3,16.7,70.3,10.2,3.4,120.7,9.9
493,LABOULAYE,feb,-26.5,-60.27272727272727,137,87534,21.9,29.3,15.6,72.9,8.6,3.2,105.7,8.1
494,LABOULAYE,mar,-26.5,-60.27272727272727,137,87534,19.9,27.1,14.2,77.1,9.2,3.4,138.8,9.4
495,LABOULAYE,abril,-26.5,-60.27272727272727,137,87534,15.8,23,10.4,77.6,8.1,3.6,83.4,7.5
496,LABOULAYE,mayo,-26.5,-60.27272727272727,137,87534,12.2,19.3,6.9,78.1,8,4.1,36,4.9
497,LABOULAYE,jun,-26.5,-60.27272727272727,137,87534,8.9,15.9,3.8,78.3,8,4.3,11.7,3.9
498,LABOULAYE,jul,-26.5,-60.27272727272727,137,87534,8.1,15.5,2.7,74.7,8.9,3.9,17.6,4.1
499,LABOULAYE,ago,-26.5,-60.27272727272727,137,87534,10.2,18.3,3.9,68.8,11.5,3.6,17.2,3.6
500,LABOULAYE,sep,-26.5,-60.27272727272727,137,87534,12.8,20.7,6.2,66.7,12.9,3.6,47.3,5.7
501,LABOULAYE,oct,-26.5,-60.27272727272727,137,87534,16.6,23.8,10.2,68.2,14.8,3.8,91,9.3
502,LABOULAYE,nov,-26.5,-60.27272727272727,137,87534,19.6,26.9,13.1,66.5,14.5,3.5,105,10.3
503,LABOULAYE,dic,-26.5,-60.27272727272727,137,87534,22.2,29.3,15.7,66.7,12.6,3.5,128.7,10.9
504,PEHUAJO,ene,-33.84615384615385,-59.888888888888886,87,87544,22.5,29.6,16.1,69.9,12,3.4,119.6,8.6
505,PEHUAJO,feb,-33.84615384615385,-59.888888888888886,87,87544,21.3,28.3,14.9,73.5,10.7,3.2,101.2,6.6
506,PEHUAJO,mar,-33.84615384615385,-59.888888888888886,87,87544,19.2,26.1,13.4,77.6,11.7,3.4,149.3,8.8
507,PEHUAJO,abril,-33.84615384615385,-59.888888888888886,87,87544,15.3,22,9.9,78.4,9.9,3.5,79.9,6.5
508,PEHUAJO,mayo,-33.84615384615385,-59.888888888888886,87,87544,11.8,17.9,6.7,80.3,9.2,4,49,5.3
509,PEHUAJO,jun,-33.84615384615385,-59.888888888888886,87,87544,8.6,14.4,3.9,82,9,4.3,25.8,4.5
510,PEHUAJO,jul,-33.84615384615385,-59.888888888888886,87,87544,8,14,3,79.8,10.3,4.1,24,4.5
511,PEHUAJO,ago,-33.84615384615385,-59.888888888888886,87,87544,9.9,16.7,4.2,74.2,12.8,3.8,28.8,4.1
512,PEHUAJO,sep,-33.84615384615385,-59.888888888888886,87,87544,12.3,18.8,6.3,72.6,14,3.8,63.6,5.9
513,PEHUAJO,oct,-33.84615384615385,-59.888888888888886,87,87544,15.6,22,9.9,73.1,15.5,3.9,116.1,9.2
514,PEHUAJO,nov,-33.84615384615385,-59.888888888888886,87,87544,18.6,25.3,12.5,70,15,3.6,104.3,8
515,PEHUAJO,dic,-33.84615384615385,-59.888888888888886,87,87544,21.4,28.3,14.9,67.9,14.4,3.4,107,8.8
516,JUNIN,ene,-32.18181818181818,-58.90909090909091,81,87548,23,29.8,16.6,69.6,11.6,3.4,132.3,8.2
517,JUNIN,feb,-32.18181818181818,-58.90909090909091,81,87548,21.7,28.4,15.8,74.4,9.9,3.3,118.8,7.8
518,JUNIN,mar,-32.18181818181818,-58.90909090909091,81,87548,19.7,26.6,14.2,77.2,10.6,3.3,133.2,9
519,JUNIN,abril,-32.18181818181818,-58.90909090909091,81,87548,15.8,22.6,10.4,77.8,9.7,3.5,109.1,7.6
520,JUNIN,mayo,-32.18181818181818,-58.90909090909091,81,87548,12.4,19,7.2,78.5,10.1,3.9,61.2,5.3
521,JUNIN,jun,-32.18181818181818,-58.90909090909091,81,87548,9.3,15.5,4.5,79.3,10.2,4.3,26.8,4.4
522,JUNIN,jul,-32.18181818181818,-58.90909090909091,81,87548,8.6,15,3.6,77.1,11.4,4,31.5,4.8
523,JUNIN,ago,-32.18181818181818,-58.90909090909091,81,87548,10.7,17.7,4.8,72.3,13.1,3.7,32.4,4.5
524,JUNIN,sep,-32.18181818181818,-58.90909090909091,81,87548,12.9,19.7,6.7,70.1,14.5,3.7,55.3,5.9
525,JUNIN,oct,-32.18181818181818,-58.90909090909091,81,87548,16.3,22.7,10.1,71.1,15.2,3.8,122.8,9.9
526,JUNIN,nov,-32.18181818181818,-58.90909090909091,81,87548,19.4,26,12.8,67.8,15.5,3.6,110.7,9.2
527,JUNIN,dic,-32.18181818181818,-58.90909090909091,81,87548,22,28.8,15.2,65.9,13.4,3.5,110,8.6
528,NUEVE DE JULIO,ene,-32.77777777777778,-58.867924528301884,76,87550,23.5,30.5,16.7,64.3,9.6,3.1,127.9,8.9
529,NUEVE DE JULIO,feb,-32.77777777777778,-58.867924528301884,76,87550,22.1,29.1,15.9,69.1,8.4,3.1,114.2,7.4
530,NUEVE DE JULIO,mar,-32.77777777777778,-58.867924528301884,76,87550,19.8,26.8,14.3,74.1,8.8,3.3,144.8,9.5
531,NUEVE DE JULIO,abril,-32.77777777777778,-58.867924528301884,76,87550,15.8,22.5,10.6,76,8.4,3.4,110.3,8.1
532,NUEVE DE JULIO,mayo,-32.77777777777778,-58.867924528301884,76,87550,12.2,18.7,7.5,78.3,8.8,3.8,60.8,6.5
533,NUEVE DE JULIO,jun,-32.77777777777778,-58.867924528301884,76,87550,9.2,15,4.8,78.9,8.2,4.2,38.4,5.9
534,NUEVE DE JULIO,jul,-32.77777777777778,-58.867924528301884,76,87550,8.7,14.5,4,77,9.4,4,38.3,6.6
535,NUEVE DE JULIO,ago,-32.77777777777778,-58.867924528301884,76,87550,10.7,17.2,5.3,70.4,10.7,3.6,35.2,5.1
536,NUEVE DE JULIO,sep,-32.77777777777778,-58.867924528301884,76,87550,13.1,19.4,7,68.2,10.9,3.6,61.7,6.5
537,NUEVE DE JULIO,oct,-32.77777777777778,-58.867924528301884,76,87550,16.2,22.6,10.3,69,11.7,3.6,113,10.3
538,NUEVE DE JULIO,nov,-32.77777777777778,-58.867924528301884,76,87550,19.5,26.1,12.9,65.1,11.3,3.5,108.8,9.7
539,NUEVE DE JULIO,dic,-32.77777777777778,-58.867924528301884,76,87550,22.2,29.1,15.3,63.4,10.3,3.2,106.9,9.5
540,EZEIZA,ene,-32.775510204081634,-56.125,20,87576,23.9,30.2,17.7,66.3,13.3,3.6,101.7,7.6
541,EZEIZA,feb,-32.775510204081634,-56.125,20,87576,22.7,28.5,16.9,71.6,12.5,3.6,113.1,7.6
542,EZEIZA,mar,-32.775510204081634,-56.125,20,87576,20.8,26.7,15.3,75.3,11.2,3.6,114.4,8.3
543,EZEIZA,abril,-32.775510204081634,-56.125,20,87576,16.7,22.5,11.4,78.6,10.5,3.8,93.2,8.3
544,EZEIZA,mayo,-32.775510204081634,-56.125,20,87576,13.2,18.8,8.2,79.4,10.3,4.3,76.6,6.5
545,EZEIZA,jun,-32.775510204081634,-56.125,20,87576,10.3,15.6,5.8,79.7,10.9,4.7,47.3,6.7
546,EZEIZA,jul,-32.775510204081634,-56.125,20,87576,9.6,14.9,4.9,78.9,11.5,4.5,47.2,6.7
547,EZEIZA,ago,-32.775510204081634,-56.125,20,87576,11.5,17.3,6.1,75.7,12.5,4.3,55.1,6.6
548,EZEIZA,sep,-32.775510204081634,-56.125,20,87576,13.4,19,7.8,72.9,14.1,4.2,59.7,7
549,EZEIZA,oct,-32.775510204081634,-56.125,20,87576,16.7,22.2,10.9,72,13.7,4.1,110.5,9.6
550,EZEIZA,nov,-32.775510204081634,-56.125,20,87576,19.6,25.4,13.5,69.3,13.9,4,103,9.3
551,EZEIZA,dic,-32.775510204081634,-56.125,20,87576,22.3,28.5,15.9,66.2,13.4,3.7,98,8.4
552,AEROPARQUE,ene,-32.23529411764706,-55.6,6,87582,24.5,28.4,20.8,67.8,17.2,3.1,117.4,8.3
553,AEROPARQUE,feb,-32.23529411764706,-55.6,6,87582,23.5,27.2,20,70.9,16.4,3.2,107.7,7.9
554,AEROPARQUE,mar,-32.23529411764706,-55.6,6,87582,22,25.5,18.6,72.3,15.5,3.2,127.6,8.3
555,AEROPARQUE,abril,-32.23529411764706,-55.6,6,87582,18.2,21.7,14.9,74.6,14.1,3.4,105.6,8.3
556,AEROPARQUE,mayo,-32.23529411764706,-55.6,6,87582,15,18.3,11.9,75.5,13.7,3.9,84.4,6.3
557,AEROPARQUE,jun,-32.23529411764706,-55.6,6,87582,12,15.1,9.1,77.5,13.4,4.3,48.7,6.3
558,AEROPARQUE,jul,-32.23529411764706,-55.6,6,87582,11.2,14.3,8.3,76.6,14.2,4.1,52.8,6.5
559,AEROPARQUE,ago,-32.23529411764706,-55.6,6,87582,12.7,16.3,9.6,74.8,15.3,3.9,56.3,6.1
560,AEROPARQUE,sep,-32.23529411764706,-55.6,6,87582,14.4,17.9,11.1,72.2,17.7,3.8,61.7,6.8
561,AEROPARQUE,oct,-32.23529411764706,-55.6,6,87582,17.7,21.2,14.1,70.5,17.7,3.7,110.4,9.4
562,AEROPARQUE,nov,-32.23529411764706,-55.6,6,87582,20.3,24.2,16.6,68.7,18.1,3.5,103.7,8.9
563,AEROPARQUE,dic,-32.23529411764706,-55.6,6,87582,22.9,27,19.1,66.6,17.4,3.3,105.2,8.2
564,BUENOS AIRES,ene,-32.285714285714285,-55.93103448275862,25,87585,24.9,30.1,20.1,64.7,10,3.3,138.7,9
565,BUENOS AIRES,feb,-32.285714285714285,-55.93103448275862,25,87585,23.6,28.7,19.2,69.7,9.5,3.3,127.2,8
566,BUENOS AIRES,mar,-32.285714285714285,-55.93103448275862,25,87585,21.9,26.8,17.7,72.6,8.8,3.3,140.1,8.8
567,BUENOS AIRES,abril,-32.285714285714285,-55.93103448275862,25,87585,17.9,22.9,13.8,76.3,7.7,3.5,118.9,9.1
568,BUENOS AIRES,mayo,-32.285714285714285,-55.93103448275862,25,87585,14.6,19.3,10.7,77.5,7.9,4,92.3,7.1
569,BUENOS AIRES,jun,-32.285714285714285,-55.93103448275862,25,87585,11.6,16,8.1,78.7,8.2,4.4,58.7,7.1
570,BUENOS AIRES,jul,-32.285714285714285,-55.93103448275862,25,87585,11,15.3,7.4,77.4,8.6,4.1,60.5,7.2
571,BUENOS AIRES,ago,-32.285714285714285,-55.93103448275862,25,87585,12.8,17.7,8.8,73.2,9.2,4,64.4,6.8
572,BUENOS AIRES,sep,-32.285714285714285,-55.93103448275862,25,87585,14.6,19.3,10.3,70.1,10.2,3.9,72.2,7.4
573,BUENOS AIRES,oct,-32.285714285714285,-55.93103448275862,25,87585,17.9,22.7,13.3,69.1,10.1,3.8,127.2,10.2
574,BUENOS AIRES,nov,-32.285714285714285,-55.93103448275862,25,87585,20.6,25.6,15.9,66.7,10.2,3.7,117.5,9.8
575,BUENOS AIRES,dic,-32.285714285714285,-55.93103448275862,25,87585,23.3,28.5,18.4,63.6,10.2,3.4,118.9,9.2
576,LA PLATA,ene,-32.96551724137931,-55.888888888888886,23,87593,22.8,28.9,17.5,73.6,13.6,3.2,108.8,8.1
577,LA PLATA,feb,-32.96551724137931,-55.888888888888886,23,87593,21.8,27.6,16.9,78.1,13.5,3.2,114.3,7.2
578,LA PLATA,mar,-32.96551724137931,-55.888888888888886,23,87593,20,25.7,15.4,80.6,12.3,3.2,124.5,8
579,LA PLATA,abril,-32.96551724137931,-55.888888888888886,23,87593,16.2,21.8,11.6,81.9,10.5,3.4,86.8,7.4
580,LA PLATA,mayo,-32.96551724137931,-55.888888888888886,23,87593,12.7,18,8.4,83.2,10.6,3.8,79.3,6
581,LA PLATA,jun,-32.96551724137931,-55.888888888888886,23,87593,9.9,14.7,5.9,84.2,10.6,4.2,52.6,6.2
582,LA PLATA,jul,-32.96551724137931,-55.888888888888886,23,87593,8.9,14,5.1,83.3,11.3,4.1,61.4,6.3
583,LA PLATA,ago,-32.96551724137931,-55.888888888888886,23,87593,10.7,16.3,6.3,81.1,12.6,3.9,61.3,6.4
584,LA PLATA,sep,-32.96551724137931,-55.888888888888886,23,87593,12.5,17.8,7.7,79.2,14.4,3.8,69.8,6.9
585,LA PLATA,oct,-32.96551724137931,-55.888888888888886,23,87593,15.7,21.1,10.7,79.1,13.8,3.8,110.6,8.8
586,LA PLATA,nov,-32.96551724137931,-55.888888888888886,23,87593,18.4,24.1,13.4,76.4,13.9,3.5,103.9,8.4
587,LA PLATA,dic,-32.96551724137931,-55.888888888888886,23,87593,21.1,27.3,15.8,72.9,14.2,3.3,95.2,7.6
588,PUNTA INDIO,ene,-32.27272727272727,-53.470588235294116,22,87596,22.8,28,18.3,76.7,18.8,3.7,84.1,6.2
589,PUNTA INDIO,feb,-32.27272727272727,-53.470588235294116,22,87596,22,26.8,17.6,79.7,17.9,3.6,112.6,7.3
590,PUNTA INDIO,mar,-32.27272727272727,-53.470588235294116,22,87596,20.4,25.2,16.2,81.5,16.2,3.5,109.2,7.4
591,PUNTA INDIO,abril,-32.27272727272727,-53.470588235294116,22,87596,16.5,21.4,12.3,83.7,14,3.6,95.2,7.3
592,PUNTA INDIO,mayo,-32.27272727272727,-53.470588235294116,22,87596,12.9,17.9,9,85.2,14.3,4.1,68.5,6
593,PUNTA INDIO,jun,-32.27272727272727,-53.470588235294116,22,87596,10,14.6,6.2,86.2,13.8,4.4,64.7,5.3
594,PUNTA INDIO,jul,-32.27272727272727,-53.470588235294116,22,87596,9,13.8,5.4,86,14.4,4.3,64.7,6.4
595,PUNTA INDIO,ago,-32.27272727272727,-53.470588235294116,22,87596,10.7,15.7,6.7,84.4,16.3,4.2,71.1,6.5
596,PUNTA INDIO,sep,-32.27272727272727,-53.470588235294116,22,87596,12.5,17.2,8.2,82.1,18.5,4.1,73.3,6.3
597,PUNTA INDIO,oct,-32.27272727272727,-53.470588235294116,22,87596,15.7,20.6,11.3,80.9,18.1,4.1,100.2,8.4
598,PUNTA INDIO,nov,-32.27272727272727,-53.470588235294116,22,87596,18.5,23.3,14,78.9,18.3,4,107.9,7.4
599,PUNTA INDIO,dic,-32.27272727272727,-53.470588235294116,22,87596,21.2,26.3,16.7,76.1,19.2,3.8,78.7,6.6
600,SANTA ROSA,ene,-34.23529411764706,-60.25,191,87623,23.6,31,16.4,58.6,S/D,3.4,94.6,9.1
601,SANTA ROSA,ene,-29.391304347826086,-59.54545454545455,620,87444,23.6,31,16.4,58.6,S/D,3.4,94.6,9.1
602,SANTA ROSA,feb,-34.23529411764706,-60.25,191,87623,22.1,29.8,15.1,62.6,S/D,3.1,81,6.8
603,SANTA ROSA,feb,-29.391304347826086,-59.54545454545455,620,87444,22.1,29.8,15.1,62.6,S/D,3.1,81,6.8
604,SANTA ROSA,mar,-34.23529411764706,-60.25,191,87623,19.5,26.9,13.4,69.6,S/D,3.4,102.3,8
605,SANTA ROSA,mar,-29.391304347826086,-59.54545454545455,620,87444,19.5,26.9,13.4,69.6,S/D,3.4,102.3,8
606,SANTA ROSA,abril,-34.23529411764706,-60.25,191,87623,14.9,22.4,9.2,72.1,S/D,3.6,58,6
607,SANTA ROSA,abril,-29.391304347826086,-59.54545454545455,620,87444,14.9,22.4,9.2,72.1,S/D,3.6,58,6
608,SANTA ROSA,mayo,-34.23529411764706,-60.25,191,87623,11,18,5.7,75.4,S/D,4.2,32.9,5.1
609,SANTA ROSA,mayo,-29.391304347826086,-59.54545454545455,620,87444,11,18,5.7,75.4,S/D,4.2,32.9,5.1
610,SANTA ROSA,jun,-34.23529411764706,-60.25,191,87623,7.9,14.7,3,75.9,S/D,4.6,15.5,4.3
611,SANTA ROSA,jun,-29.391304347826086,-59.54545454545455,620,87444,7.9,14.7,3,75.9,S/D,4.6,15.5,4.3
612,SANTA ROSA,jul,-34.23529411764706,-60.25,191,87623,7.2,14.2,2,72.7,S/D,4.3,21.5,4.3
613,SANTA ROSA,jul,-29.391304347826086,-59.54545454545455,620,87444,7.2,14.2,2,72.7,S/D,4.3,21.5,4.3
614,SANTA ROSA,ago,-34.23529411764706,-60.25,191,87623,9.5,17.2,3.4,64.8,S/D,4,28.1,3.7
615,SANTA ROSA,ago,-29.391304347826086,-59.54545454545455,620,87444,9.5,17.2,3.4,64.8,S/D,4,28.1,3.7
616,SANTA ROSA,sep,-34.23529411764706,-60.25,191,87623,12.1,19.7,5.7,63,S/D,4,50.9,5.7
617,SANTA ROSA,sep,-29.391304347826086,-59.54545454545455,620,87444,12.1,19.7,5.7,63,S/D,4,50.9,5.7
618,SANTA ROSA,oct,-34.23529411764706,-60.25,191,87623,15.9,23.1,9.2,62.1,S/D,3.9,74.7,8.5
619,SANTA ROSA,oct,-29.391304347826086,-59.54545454545455,620,87444,15.9,23.1,9.2,62.1,S/D,3.9,74.7,8.5
620,SANTA ROSA,nov,-34.23529411764706,-60.25,191,87623,19.4,26.7,12.2,57.6,S/D,3.6,81.7,7.8
621,SANTA ROSA,nov,-29.391304347826086,-59.54545454545455,620,87444,19.4,26.7,12.2,57.6,S/D,3.6,81.7,7.8
622,SANTA ROSA,dic,-34.23529411764706,-60.25,191,87623,22.5,29.8,15.1,55.4,S/D,3.4,104.3,8.4
623,SANTA ROSA,dic,-29.391304347826086,-59.54545454545455,620,87444,22.5,29.8,15.1,55.4,S/D,3.4,104.3,8.4
624,CORONEL SUAREZ,ene,-34.69230769230769,-59.867924528301884,233,87637,21,28.7,13.8,64.7,S/D,3.9,112.3,9.2
625,CORONEL SUAREZ,feb,-34.69230769230769,-59.867924528301884,233,87637,19.8,27.4,12.7,69.4,S/D,3.5,80.4,6.6
626,CORONEL SUAREZ,mar,-34.69230769230769,-59.867924528301884,233,87637,17.5,24.8,11.1,74.4,S/D,3.7,95.9,8.9
627,CORONEL SUAREZ,abril,-34.69230769230769,-59.867924528301884,233,87637,13.3,20.4,7,76.7,S/D,3.7,70.9,7.2
628,CORONEL SUAREZ,mayo,-34.69230769230769,-59.867924528301884,233,87637,9.5,16.1,3.8,79.7,S/D,4.2,47.4,6.1
629,CORONEL SUAREZ,jun,-34.69230769230769,-59.867924528301884,233,87637,6.6,12.7,1.3,81.1,S/D,4.6,22.1,5
630,CORONEL SUAREZ,jul,-34.69230769230769,-59.867924528301884,233,87637,5.9,12.3,0.4,79.1,S/D,4.3,28.5,5.3
631,CORONEL SUAREZ,ago,-34.69230769230769,-59.867924528301884,233,87637,7.9,14.9,1.4,72.8,S/D,4.2,32.4,5
632,CORONEL SUAREZ,sep,-34.69230769230769,-59.867924528301884,233,87637,10.3,17.1,3.4,71.3,S/D,4.1,58.1,6.8
633,CORONEL SUAREZ,oct,-34.69230769230769,-59.867924528301884,233,87637,13.5,20.3,6.6,71.7,S/D,4.1,99.7,9.7
634,CORONEL SUAREZ,nov,-34.69230769230769,-59.867924528301884,233,87637,16.6,23.9,9.3,66.9,S/D,3.9,74.3,8.8
635,CORONEL SUAREZ,dic,-34.69230769230769,-59.867924528301884,233,87637,20,27.4,12,62.1,S/D,3.9,84.1,8.9
636,TANDIL,ene,-32.714285714285715,-55.0,175,87645,20.8,28.1,13.6,68.3,13.8,3.5,108.5,8.7
637,TANDIL,feb,-32.714285714285715,-55.0,175,87645,19.7,26.8,13,73,12.7,3.4,90.2,6.9
638,TANDIL,mar,-32.714285714285715,-55.0,175,87645,17.6,24.3,11.5,76.9,12,3.6,98.8,8.3
639,TANDIL,abril,-32.714285714285715,-55.0,175,87645,13.5,20.3,7.6,78.1,11.1,3.6,71.3,6.7
640,TANDIL,mayo,-32.714285714285715,-55.0,175,87645,10,16.4,4.8,80.7,11.4,4.1,59.7,5.9
641,TANDIL,jun,-32.714285714285715,-55.0,175,87645,7.2,13,2.3,81,12.1,4.5,37.2,5.5
642,TANDIL,jul,-32.714285714285715,-55.0,175,87645,6.3,12.4,1.4,80.7,12.5,4.4,37.6,6.1
643,TANDIL,ago,-32.714285714285715,-55.0,175,87645,8.1,14.7,2.6,76.2,14,4.2,45.2,5.5
644,TANDIL,sep,-32.714285714285715,-55.0,175,87645,10.1,16.6,4.1,74.6,15.4,4.2,58.6,6.8
645,TANDIL,oct,-32.714285714285715,-55.0,175,87645,13.5,19.8,7.2,73.5,15.5,4.1,97.7,9.2
646,TANDIL,nov,-32.714285714285715,-55.0,175,87645,16.4,23,9.7,70.7,14.9,3.9,94.6,8.5
647,TANDIL,dic,-32.714285714285715,-55.0,175,87645,19.3,26.4,11.9,66.5,14.4,3.5,79.2,7.4
648,DOLORES,ene,-33.142857142857146,-55.63636363636363,9,87648,21.8,28.6,S/D,73.5,10,3.6,108.4,8.3
649,DOLORES,feb,-33.142857142857146,-55.63636363636363,9,87648,20.8,27.4,14.7,77.2,8.4,3.3,99.8,8.1
650,DOLORES,mar,-33.142857142857146,-55.63636363636363,9,87648,19,25.6,13.3,79.8,7.6,3.4,90.4,8.4
651,DOLORES,abril,-33.142857142857146,-55.63636363636363,9,87648,15.1,21.6,S/D,81.5,7.9,3.5,97.4,7.9
652,DOLORES,mayo,-33.142857142857146,-55.63636363636363,9,87648,11.6,17.9,S/D,83.4,7.7,3.9,58.7,7.2
653,DOLORES,jun,-33.142857142857146,-55.63636363636363,9,87648,8.7,14.3,S/D,84.9,8.2,4.3,59.9,7.4
654,DOLORES,jul,-33.142857142857146,-55.63636363636363,9,87648,7.8,13.6,S/D,84,9.9,4.2,59.6,7.2
655,DOLORES,ago,-33.142857142857146,-55.63636363636363,9,87648,9.8,15.9,S/D,81.3,10.2,4,59,6.7
656,DOLORES,sep,-33.142857142857146,-55.63636363636363,9,87648,11.7,17.5,S/D,79.7,11.2,4,S/D,S/D
657,DOLORES,oct,-33.142857142857146,-55.63636363636363,9,87648,14.9,21,S/D,77.6,11.4,4,102.1,9.7
658,DOLORES,nov,-33.142857142857146,-55.63636363636363,9,87648,17.6,23.8,S/D,75.3,12,3.8,108.7,9.4
659,DOLORES,dic,-33.142857142857146,-55.63636363636363,9,87648,20.3,27,S/D,72,10.8,3.6,83.9,8.3
660,PIGUE,ene,-35.333333333333336,-59.391304347826086,304,87679,21.1,28.8,14.3,61,11.9,3.8,S/D,S/D
661,PIGUE,feb,-35.333333333333336,-59.391304347826086,304,87679,20,27.4,13.3,65.6,10.8,3.6,101.6,7.4
662,PIGUE,mar,-35.333333333333336,-59.391304347826086,304,87679,17.6,24.5,11.7,70.9,10.2,3.8,92.8,8.4
663,PIGUE,abril,-35.333333333333336,-59.391304347826086,304,87679,13.4,19.8,7.7,73.8,9.1,3.9,S/D,S/D
664,PIGUE,mayo,-35.333333333333336,-59.391304347826086,304,87679,9.7,15.6,4.6,77.3,8.8,4.5,S/D,S/D
665,PIGUE,jun,-35.333333333333336,-59.391304347826086,304,87679,6.8,12.2,2.1,78.7,9.4,5,22.5,6.3
666,PIGUE,jul,-35.333333333333336,-59.391304347826086,304,87679,6.1,11.6,1.2,76.5,10.9,4.6,26.2,6.5
667,PIGUE,ago,-35.333333333333336,-59.391304347826086,304,87679,8.2,14.4,2.5,69.2,12,4.5,34.8,5.9
668,PIGUE,sep,-35.333333333333336,-59.391304347826086,304,87679,10.2,16.7,4.1,69,12.8,4.3,63.2,7.2
669,PIGUE,oct,-35.333333333333336,-59.391304347826086,304,87679,13.5,20,7.3,68,12.4,4.2,95.5,9.7
670,PIGUE,nov,-35.333333333333336,-59.391304347826086,304,87679,16.7,23.7,9.9,63.8,12.9,4.1,87.1,8.9
671,PIGUE,dic,-35.333333333333336,-59.391304347826086,304,87679,20.1,27.5,12.8,58.5,12.5,3.9,88.3,8.9
672,TRES ARROYOS,ene,-35.0,-56.0,115,87688,21.5,29.3,15.1,60,14.9,3.7,85.1,9.2
673,TRES ARROYOS,feb,-35.0,-56.0,115,87688,20.4,27.7,14.5,66.5,13.4,3.6,99.5,8.2
674,TRES ARROYOS,mar,-35.0,-56.0,115,87688,18.1,25.1,12.9,70.6,12.7,3.8,83.5,9.5
675,TRES ARROYOS,abril,-35.0,-56.0,115,87688,14.1,20.6,9.2,73,12.9,3.9,74.5,9.3
676,TRES ARROYOS,mayo,-35.0,-56.0,115,87688,10.6,16.4,6.3,76.7,12.1,4.6,59.3,8.3
677,TRES ARROYOS,jun,-35.0,-56.0,115,87688,7.8,13.1,3.8,77,13,4.9,34.5,7.3
678,TRES ARROYOS,jul,-35.0,-56.0,115,87688,7.1,12.5,3,76.1,13.1,4.8,43.2,9
679,TRES ARROYOS,ago,-35.0,-56.0,115,87688,8.8,14.9,4,70.6,13.7,4.6,42.3,7.7
680,TRES ARROYOS,sep,-35.0,-56.0,115,87688,10.6,17,5.4,70.1,13.8,4.6,63.1,8.8
681,TRES ARROYOS,oct,-35.0,-56.0,115,87688,13.8,20.2,8.2,68.9,15.1,4.3,82.5,10.8
682,TRES ARROYOS,nov,-35.0,-56.0,115,87688,16.9,23.8,10.8,64.3,15.4,4.1,88.3,9.5
683,TRES ARROYOS,dic,-35.0,-56.0,115,87688,20,27.4,13.3,59.3,16.4,3.7,80,9.1
684,MAR DEL PLATA,ene,-35.92857142857143,-55.285714285714285,21,87692,20.4,26.5,14.6,74.4,16,3.7,94.9,8.3
685,MAR DEL PLATA,feb,-35.92857142857143,-55.285714285714285,21,87692,19.8,25.6,14.3,76.9,14.8,3.7,93.9,7.9
686,MAR DEL PLATA,mar,-35.92857142857143,-55.285714285714285,21,87692,18.2,23.9,13,79.3,13.7,3.8,95.7,9
687,MAR DEL PLATA,abril,-35.92857142857143,-55.285714285714285,21,87692,14.5,20.4,9.2,80.5,12.3,4,85.5,9.1
688,MAR DEL PLATA,mayo,-35.92857142857143,-55.285714285714285,21,87692,11.2,16.8,6.3,82.4,12.2,4.3,66.4,8.6
689,MAR DEL PLATA,jun,-35.92857142857143,-55.285714285714285,21,87692,8.4,13.6,3.8,82.7,12.8,4.7,57.4,8.5
690,MAR DEL PLATA,jul,-35.92857142857143,-55.285714285714285,21,87692,7.5,12.7,3.1,82.5,12.6,4.6,55.7,8.8
691,MAR DEL PLATA,ago,-35.92857142857143,-55.285714285714285,21,87692,8.8,14.5,4.1,80.8,13.6,4.5,55.9,7.9
692,MAR DEL PLATA,sep,-35.92857142857143,-55.285714285714285,21,87692,10.4,15.9,5.3,79.6,14,4.5,57.3,7.9
693,MAR DEL PLATA,oct,-35.92857142857143,-55.285714285714285,21,87692,13.3,18.9,7.8,78.4,15.4,4.2,89.3,9.8
694,MAR DEL PLATA,nov,-35.92857142857143,-55.285714285714285,21,87692,15.9,21.7,10.2,76.5,15.8,4.1,81.3,9.6
695,MAR DEL PLATA,dic,-35.92857142857143,-55.285714285714285,21,87692,18.5,24.5,12.6,74.6,16.2,3.8,92.8,8.8
696,NEUQUEN,ene,-36.94736842105263,-60.5,271,87715,23.7,31.9,15.5,36.7,12.8,2.6,12.9,2.7
697,NEUQUEN,feb,-36.94736842105263,-60.5,271,87715,22.3,30.6,14.2,44,11.3,2.6,11.9,2.6
698,NEUQUEN,mar,-36.94736842105263,-60.5,271,87715,18.9,27,11.6,53.4,9.9,3.1,23.6,3.5
699,NEUQUEN,abril,-36.94736842105263,-60.5,271,87715,13.4,21.6,6.8,62.2,8.8,3.5,15.3,4.9
700,NEUQUEN,mayo,-36.94736842105263,-60.5,271,87715,9.2,16.5,3.5,67.7,8.3,4.3,21.1,5.5
701,NEUQUEN,jun,-36.94736842105263,-60.5,271,87715,6.6,12.9,1.5,71.7,9.3,4.8,23.5,7.1
702,NEUQUEN,jul,-36.94736842105263,-60.5,271,87715,5.8,12.9,0.2,68.5,9.5,4.4,15.9,4.9
703,NEUQUEN,ago,-36.94736842105263,-60.5,271,87715,8.1,15.9,1.6,58.7,9.7,4.3,11.4,3.9
704,NEUQUEN,sep,-36.94736842105263,-60.5,271,87715,11.4,18.9,4.4,51.1,10.3,4,19.3,4.6
705,NEUQUEN,oct,-36.94736842105263,-60.5,271,87715,15.6,23.2,8.2,44.3,12.8,3.8,20.3,4.1
706,NEUQUEN,nov,-36.94736842105263,-60.5,271,87715,19.4,27.1,11.6,38.3,13.9,3.4,14.5,2.9
707,NEUQUEN,dic,-36.94736842105263,-60.5,271,87715,22.4,30.2,14.5,36.1,13.8,3.1,11.2,3
708,BAHIA BLANCA,ene,-36.63636363636363,-56.0,83,87750,23.6,31.1,16.3,54.1,S/D,3.3,67.1,7.6
709,BAHIA BLANCA,feb,-36.63636363636363,-56.0,83,87750,22.1,29.6,15.2,60.5,S/D,3,67.1,6.4
710,BAHIA BLANCA,mar,-36.63636363636363,-56.0,83,87750,19.4,26.6,13.4,66.5,S/D,3.3,75.2,8.1
711,BAHIA BLANCA,abril,-36.63636363636363,-56.0,83,87750,14.9,21.8,9.2,70.5,S/D,3.5,54.5,7
712,BAHIA BLANCA,mayo,-36.63636363636363,-56.0,83,87750,11.1,17.5,6,74.5,S/D,4,41.2,5.5
713,BAHIA BLANCA,jun,-36.63636363636363,-56.0,83,87750,8.1,14.1,3.3,75.1,S/D,4.3,31.5,5.9
714,BAHIA BLANCA,jul,-36.63636363636363,-56.0,83,87750,7.5,13.7,2.4,73.8,S/D,4.1,31.1,5.9
715,BAHIA BLANCA,ago,-36.63636363636363,-56.0,83,87750,9.4,16.3,3.9,68.9,S/D,4.1,34.5,5.1
716,BAHIA BLANCA,sep,-36.63636363636363,-56.0,83,87750,11.6,18.5,5.6,67.2,S/D,4,51.6,6.7
717,BAHIA BLANCA,oct,-36.63636363636363,-56.0,83,87750,15.1,22.2,8.5,64.8,S/D,3.9,73.3,8.9
718,BAHIA BLANCA,nov,-36.63636363636363,-56.0,83,87750,18.7,25.9,11.4,58.5,S/D,3.6,56.8,7
719,BAHIA BLANCA,dic,-36.63636363636363,-56.0,83,87750,22,29.3,14.4,53.3,S/D,3.4,67.3,7
720,BARILOCHE,ene,-34.333333333333336,-65.0,835,87765,15,22.6,6.6,54.1,22.9,2.9,20,3.7
721,BARILOCHE,feb,-34.333333333333336,-65.0,835,87765,14.8,23,6.3,54.8,19.8,2.7,15.3,3.4
722,BARILOCHE,mar,-34.333333333333336,-65.0,835,87765,11.9,19.7,4.7,62.4,18.3,3.4,35.2,6.7
723,BARILOCHE,abril,-34.333333333333336,-65.0,835,87765,7.9,14.6,2.3,69.8,19.1,4,58.9,8.2
724,BARILOCHE,mayo,-34.333333333333336,-65.0,835,87765,4.9,10.2,0.6,76.4,15.9,4.9,130.1,13.6
725,BARILOCHE,jun,-34.333333333333336,-65.0,835,87765,2.9,6.9,-0.6,80.2,17.9,5.5,170.1,16.1
726,BARILOCHE,jul,-34.333333333333336,-65.0,835,87765,2.1,6.7,-1.6,78.9,16.6,5,122.1,14
727,BARILOCHE,ago,-34.333333333333336,-65.0,835,87765,3,8.3,-1.1,75.9,16.8,4.8,101.4,13
728,BARILOCHE,sep,-34.333333333333336,-65.0,835,87765,5.1,11.5,-0.2,68.2,17.1,4.2,56.5,9.1
729,BARILOCHE,oct,-34.333333333333336,-65.0,835,87765,8,14.8,1.8,62.5,23.4,4,49.4,8.3
730,BARILOCHE,nov,-34.333333333333336,-65.0,835,87765,10.8,17.9,3.7,57.7,25.4,3.6,29.3,5.4
731,BARILOCHE,dic,-34.333333333333336,-65.0,835,87765,13.5,20.5,5.9,54.9,25.2,3.3,23.4,4.6
732,MAQUINCHAO,ene,-37.0,-66.63636363636364,888,87774,18,26.4,9.3,42.8,11.6,2.8,S/D,S/D
733,MAQUINCHAO,feb,-37.0,-66.63636363636364,888,87774,17.5,25.7,9.1,46.9,9.1,2.7,S/D,S/D
734,MAQUINCHAO,mar,-37.0,-66.63636363636364,888,87774,14.1,21.9,6.6,52.7,8.4,3.3,26.2,3.2
735,MAQUINCHAO,abril,-37.0,-66.63636363636364,888,87774,8.9,16.3,2.3,59.6,8,3.5,20.7,3.6
736,MAQUINCHAO,mayo,-37.0,-66.63636363636364,888,87774,4.4,10.9,-0.6,67.1,6.1,4,23.3,5.1
737,MAQUINCHAO,jun,-37.0,-66.63636363636364,888,87774,1.4,6.6,-2.9,72,7.5,4.4,28.1,6.9
738,MAQUINCHAO,jul,-37.0,-66.63636363636364,888,87774,0.5,6.2,-4.6,69.5,6.9,3.9,S/D,S/D
739,MAQUINCHAO,ago,-37.0,-66.63636363636364,888,87774,2.7,9.2,-3.1,64.5,8.3,3.9,11.5,3.4
740,MAQUINCHAO,sep,-37.0,-66.63636363636364,888,87774,5.7,12.9,-1.1,58.1,8.3,3.7,14.9,3.5
741,MAQUINCHAO,oct,-37.0,-66.63636363636364,888,87774,9.8,16.9,2.3,52.3,12.6,3.7,18.6,3.2
742,MAQUINCHAO,nov,-37.0,-66.63636363636364,888,87774,13.5,20.9,5.4,47.6,13.7,3.5,S/D,S/D
743,MAQUINCHAO,dic,-37.0,-66.63636363636364,888,87774,16.6,24.2,7.9,44.8,12.7,3.2,S/D,S/D
744,VIEDMA,ene,-38.8235294117647,-3.0,7,87791,22.1,29.4,14.7,50.2,S/D,2.9,31.4,5.2
745,VIEDMA,feb,-38.8235294117647,-3.0,7,87791,20.8,28.3,14.1,56.1,S/D,2.8,43,5.6
746,VIEDMA,mar,-38.8235294117647,-3.0,7,87791,18.3,25.3,12,62.8,S/D,3.1,54.1,6
747,VIEDMA,abril,-38.8235294117647,-3.0,7,87791,13.8,20.9,7.8,67.3,S/D,3.3,41.8,6.4
748,VIEDMA,mayo,-38.8235294117647,-3.0,7,87791,9.9,16.3,4.7,73.4,S/D,3.9,28.8,7.1
749,VIEDMA,jun,-38.8235294117647,-3.0,7,87791,7.2,13.1,2.4,75,S/D,4.2,25.6,8
750,VIEDMA,jul,-38.8235294117647,-3.0,7,87791,6.6,12.8,1.5,72.1,S/D,4,26,7.2
751,VIEDMA,ago,-38.8235294117647,-3.0,7,87791,8.2,15.1,2.3,66.9,S/D,3.9,22.3,5.8
752,VIEDMA,sep,-38.8235294117647,-3.0,7,87791,10.5,17.5,4,64,S/D,3.8,25.2,5.5
753,VIEDMA,oct,-38.8235294117647,-3.0,7,87791,14.3,21.4,7.1,57.8,S/D,3.6,30.3,6.1
754,VIEDMA,nov,-38.8235294117647,-3.0,7,87791,17.7,25,10.1,51,S/D,3.4,23.6,5.1
755,VIEDMA,dic,-38.8235294117647,-3.0,7,87791,20.6,27.9,12.9,48.2,S/D,3.1,21.3,5
756,ESQUEL,ene,-40.92857142857143,-64.33333333333333,797,87803,15.1,21.7,8.2,48,23.4,3.3,18.8,3.8
757,ESQUEL,feb,-40.92857142857143,-64.33333333333333,797,87803,15,22.2,7.7,50.1,20,3,18.4,3.7
758,ESQUEL,mar,-40.92857142857143,-64.33333333333333,797,87803,12.3,19.1,5.5,56.5,17.2,3.5,24.5,5.6
759,ESQUEL,abril,-40.92857142857143,-64.33333333333333,797,87803,8.2,14.4,2.7,63.5,17.4,3.8,43.1,7
760,ESQUEL,mayo,-40.92857142857143,-64.33333333333333,797,87803,4.9,10.1,0.5,72.2,14.5,4.4,65,9.7
761,ESQUEL,jun,-40.92857142857143,-64.33333333333333,797,87803,2.4,6.7,-1.8,76.6,15.4,4.7,79.4,11
762,ESQUEL,jul,-40.92857142857143,-64.33333333333333,797,87803,1.5,6.1,-2.8,75.5,14.6,4.5,60.2,9.4
763,ESQUEL,ago,-40.92857142857143,-64.33333333333333,797,87803,3.2,8.5,-1.4,70.9,14.7,4.3,47,9.6
764,ESQUEL,sep,-40.92857142857143,-64.33333333333333,797,87803,5.5,11.8,0,62.9,15.8,4.1,35.7,7.3
765,ESQUEL,oct,-40.92857142857143,-64.33333333333333,797,87803,8.4,14.7,2.3,55.2,20.6,3.9,28.3,6.1
766,ESQUEL,nov,-40.92857142857143,-64.33333333333333,797,87803,11.2,17.6,4.7,50,23.5,3.7,20.8,4.4
767,ESQUEL,dic,-40.92857142857143,-64.33333333333333,797,87803,13.6,19.9,7,48.1,23.8,3.6,20.8,4.1
768,TRELEW,ene,-38.0,-61.25,43,87828,21.5,29.2,13.6,41.7,24.2,3.6,13.6,3.8
769,TRELEW,feb,-38.0,-61.25,43,87828,20.3,28.1,12.6,49,23,3.5,18.9,4.1
770,TRELEW,mar,-38.0,-61.25,43,87828,17.6,25,10.5,53.6,20.2,3.7,23.3,5.4
771,TRELEW,abril,-38.0,-61.25,43,87828,13.3,20.7,6.7,57,19.1,3.8,24.8,4.6
772,TRELEW,mayo,-38.0,-61.25,43,87828,9.2,15.7,3.4,65.7,16.6,4.3,26.3,7.1
773,TRELEW,jun,-38.0,-61.25,43,87828,6.2,12.2,0.8,69.6,17.7,4.3,22.2,8
774,TRELEW,jul,-38.0,-61.25,43,87828,5.8,12.3,0.2,66.9,17.9,4.2,17.8,6
775,TRELEW,ago,-38.0,-61.25,43,87828,7.7,14.8,1.4,61.2,18.4,4.2,13.9,6.3
776,TRELEW,sep,-38.0,-61.25,43,87828,10.4,17.5,3.6,56.6,18.3,4.2,14.6,6.1
777,TRELEW,oct,-38.0,-61.25,43,87828,14.1,21.2,6.5,49.6,22.5,4.2,19.2,6
778,TRELEW,nov,-38.0,-61.25,43,87828,17.4,24.9,9.5,44.1,23.7,3.9,13.7,4.7
779,TRELEW,dic,-38.0,-61.25,43,87828,20,27.5,11.9,41.7,23.9,3.9,13.9,3.9
780,COMODORO RIVADAVIA,ene,-43.723404255319146,-65.0,46,87860,19.7,26.1,13.6,37.9,25.9,4.3,11.6,2.9
781,COMODORO RIVADAVIA,feb,-43.723404255319146,-65.0,46,87860,18.8,25,12.9,42.7,21.2,4.1,14.4,3.5
782,COMODORO RIVADAVIA,mar,-43.723404255319146,-65.0,46,87860,16.3,22.4,10.9,47.2,20.7,4.1,18.2,4.7
783,COMODORO RIVADAVIA,abril,-43.723404255319146,-65.0,46,87860,13.1,18.6,8.3,49.4,22.8,4.2,25.4,5
784,COMODORO RIVADAVIA,mayo,-43.723404255319146,-65.0,46,87860,9.6,14.2,5.5,57.3,19.4,4.5,37.4,6.9
785,COMODORO RIVADAVIA,jun,-43.723404255319146,-65.0,46,87860,6.9,10.9,3.1,60.1,22.4,4.5,35.9,6.7
786,COMODORO RIVADAVIA,jul,-43.723404255319146,-65.0,46,87860,6.6,10.8,2.7,57.2,19.5,4.5,23.4,5.8
787,COMODORO RIVADAVIA,ago,-43.723404255319146,-65.0,46,87860,7.9,12.8,3.6,54.2,19.2,4.4,20.1,6.1
788,COMODORO RIVADAVIA,sep,-43.723404255319146,-65.0,46,87860,10.1,15.4,5.1,51.5,19.5,4.5,20.1,6.3
789,COMODORO RIVADAVIA,oct,-43.723404255319146,-65.0,46,87860,13,18.8,7.5,45.9,23.3,4.6,16.4,5.4
790,COMODORO RIVADAVIA,nov,-43.723404255319146,-65.0,46,87860,15.9,22.1,10,40.8,25.1,4.5,14.5,4.6
791,COMODORO RIVADAVIA,dic,-43.723404255319146,-65.0,46,87860,18.2,24.5,12.1,38.9,25.6,4.5,10.1,3.9
792,SAN JULIAN,ene,-45.8421052631579,-65.72340425531915,62,87909,16.3,23.1,9.7,50.9,30.2,4.6,14.3,6.4
793,SAN JULIAN,feb,-45.8421052631579,-65.72340425531915,62,87909,15.6,22.2,9.2,55.3,28.8,4.3,22.5,6.3
794,SAN JULIAN,mar,-45.8421052631579,-65.72340425531915,62,87909,13.2,19.7,7.4,58,26.8,4,23.4,6.7
795,SAN JULIAN,abril,-45.8421052631579,-65.72340425531915,62,87909,9.8,15.7,4.9,62.5,26.8,4,19.1,7.4
796,SAN JULIAN,mayo,-45.8421052631579,-65.72340425531915,62,87909,6.2,10.7,2,69.9,25.5,3.9,31.1,8.6
797,SAN JULIAN,jun,-45.8421052631579,-65.72340425531915,62,87909,3.4,7.1,-0.1,74.4,26.2,3.9,33.7,8.4
798,SAN JULIAN,jul,-45.8421052631579,-65.72340425531915,62,87909,3.2,7.3,-0.4,72.4,25.2,3.8,22.5,6.5
799,SAN JULIAN,ago,-45.8421052631579,-65.72340425531915,62,87909,4.8,9.9,0.6,68.1,24.9,3.9,18.3,6.8
800,SAN JULIAN,sep,-45.8421052631579,-65.72340425531915,62,87909,7.4,13.3,2.2,62.3,25.6,4.1,14.3,5.9
801,SAN JULIAN,oct,-45.8421052631579,-65.72340425531915,62,87909,10.4,16.6,4.4,56.4,28.7,4.3,17.3,6.4
802,SAN JULIAN,nov,-45.8421052631579,-65.72340425531915,62,87909,13.2,19.6,6.7,51.6,29.6,4.6,14.9,6.6
803,SAN JULIAN,dic,-45.8421052631579,-65.72340425531915,62,87909,15.1,21.5,8.6,51.4,30.8,4.7,20.2,7.5
804,RIO GALLEGOS,ene,-49.37837837837838,-65.47058823529412,19,87925,13.8,20,7.6,52.4,27.1,5.6,27.7,10.1
805,RIO GALLEGOS,feb,-49.37837837837838,-65.47058823529412,19,87925,13.2,19.6,7.1,56.8,25.6,5.2,27.1,7.9
806,RIO GALLEGOS,mar,-49.37837837837838,-65.47058823529412,19,87925,10.8,17,5.3,62.3,22.8,4.9,26.7,8.7
807,RIO GALLEGOS,abril,-49.37837837837838,-65.47058823529412,19,87925,7.6,13.2,2.9,68.9,22.5,4.8,26.7,8.6
808,RIO GALLEGOS,mayo,-49.37837837837838,-65.47058823529412,19,87925,4.2,8.4,0.2,76.2,19.4,4.5,26.9,8.3
809,RIO GALLEGOS,jun,-49.37837837837838,-65.47058823529412,19,87925,1.4,4.9,-2,80.2,19,4.3,18.3,7.3
810,RIO GALLEGOS,jul,-49.37837837837838,-65.47058823529412,19,87925,1.2,4.8,-2.4,78.4,18.6,4.3,19.2,7.4
811,RIO GALLEGOS,ago,-49.37837837837838,-65.47058823529412,19,87925,3.1,7.4,-0.6,73.7,19.7,4.4,16.9,6.4
812,RIO GALLEGOS,sep,-49.37837837837838,-65.47058823529412,19,87925,5.7,11.3,0.9,66.4,20.3,4.7,13.3,6.2
813,RIO GALLEGOS,oct,-49.37837837837838,-65.47058823529412,19,87925,8.4,14.8,2.4,58,24.1,4.8,16.9,6
814,RIO GALLEGOS,nov,-49.37837837837838,-65.47058823529412,19,87925,11.1,17.2,4.8,52.8,26.7,5.2,22.7,8
815,RIO GALLEGOS,dic,-49.37837837837838,-65.47058823529412,19,87925,12.8,18.8,6.6,52,27.4,5.6,25.9,9.6
816,RIO GRANDE,ene,-51.75,-65.66666666666667,22,87934,10.9,16.1,5.7,72.7,29.1,5.5,36,12.4
817,RIO GRANDE,feb,-51.75,-65.66666666666667,22,87934,10.3,15.7,5.4,74.6,27.2,5.2,29.7,10.9
818,RIO GRANDE,mar,-51.75,-65.66666666666667,22,87934,8.1,13.5,3.5,77.8,25.3,4.9,27.2,9.9
819,RIO GRANDE,abril,-51.75,-65.66666666666667,22,87934,5.5,10.5,1.6,82.4,23.4,4.7,28.8,9.8
820,RIO GRANDE,mayo,-51.75,-65.66666666666667,22,87934,2.6,6.5,-0.8,86,19.8,4.4,29.4,9.9
821,RIO GRANDE,jun,-51.75,-65.66666666666667,22,87934,-0.1,3.1,-3.2,87.7,17.4,4.1,26.7,8
822,RIO GRANDE,jul,-51.75,-65.66666666666667,22,87934,-0.2,3,-3.1,86.5,18,4.1,23.9,7.6
823,RIO GRANDE,ago,-51.75,-65.66666666666667,22,87934,1.4,5.2,-1.7,84.5,20.6,4.2,20.7,7.6
824,RIO GRANDE,sep,-51.75,-65.66666666666667,22,87934,3.5,8.3,-0.2,79.5,21.9,4.5,17.1,7.9
825,RIO GRANDE,oct,-51.75,-65.66666666666667,22,87934,6.2,11.4,1.6,73.8,26.6,4.8,18.5,7.8
826,RIO GRANDE,nov,-51.75,-65.66666666666667,22,87934,8.4,13.4,3.3,70,28.1,5.2,27,9.2
827,RIO GRANDE,dic,-51.75,-65.66666666666667,22,87934,10,15.1,4.8,70.6,29.6,5.5,36,11.3
828,BASE ORCADAS,ene,-58.666666666666664,-42.604651162790695,12,88968,1.4,3.4,-0.5,S/D,19.9,7.5,S/D,S/D
829,BASE ORCADAS,feb,-58.666666666666664,-42.604651162790695,12,88968,1.4,3.4,-0.3,S/D,23.7,7.4,S/D,S/D
830,BASE ORCADAS,mar,-58.666666666666664,-42.604651162790695,12,88968,0.4,2.3,-1.5,S/D,23.9,7.3,S/D,S/D
831,BASE ORCADAS,abril,-58.666666666666664,-42.604651162790695,12,88968,-1.8,0.4,-4.1,S/D,24.9,7.2,S/D,S/D
832,BASE ORCADAS,mayo,-58.666666666666664,-42.604651162790695,12,88968,-4.6,-1.8,-7.5,S/D,24,6.9,S/D,S/D
833,BASE ORCADAS,jun,-58.666666666666664,-42.604651162790695,12,88968,-7.9,-4.4,-11.7,S/D,23.7,6.4,S/D,S/D
834,BASE ORCADAS,jul,-58.666666666666664,-42.604651162790695,12,88968,-9.3,-5.3,-13.9,S/D,24.2,6.1,S/D,S/D
835,BASE ORCADAS,ago,-58.666666666666664,-42.604651162790695,12,88968,-7.8,-4,-12,S/D,25.6,6.2,S/D,S/D
836,BASE ORCADAS,sep,-58.666666666666664,-42.604651162790695,12,88968,-5.4,-1.9,-9.3,S/D,24.7,6.6,S/D,S/D
837,BASE ORCADAS,oct,-58.666666666666664,-42.604651162790695,12,88968,-2.8,0.4,-5.9,S/D,26.5,7,S/D,S/D
838,BASE ORCADAS,nov,-58.666666666666664,-42.604651162790695,12,88968,-0.7,2.3,-3.2,S/D,23.6,7.3,S/D,S/D
839,BASE ORCADAS,dic,-58.666666666666664,-42.604651162790695,12,88968,0.6,3,-1.4,S/D,23.3,7.3,S/D,S/D
840,BASE SAN MARTIN,ene,-60.5,-59.5,7,89066,2,4.5,-0.3,S/D,14.6,6.2,S/D,S/D
841,BASE SAN MARTIN,feb,-60.5,-59.5,7,89066,0.9,3.3,-1.3,S/D,17.7,6.5,S/D,S/D
842,BASE SAN MARTIN,mar,-60.5,-59.5,7,89066,-1.2,1.3,-3.6,S/D,22.3,6.3,S/D,S/D
843,BASE SAN MARTIN,abril,-60.5,-59.5,7,89066,-3.3,-0.9,-5.8,S/D,20.4,6,S/D,S/D
844,BASE SAN MARTIN,mayo,-60.5,-59.5,7,89066,-5.3,-2.3,-8.4,S/D,19.3,5.8,S/D,S/D
845,BASE SAN MARTIN,jun,-60.5,-59.5,7,89066,-9.3,-5.8,-13.5,S/D,18,5.2,S/D,S/D
846,BASE SAN MARTIN,jul,-60.5,-59.5,7,89066,-11.6,-7.3,-16.3,S/D,17.3,5.5,S/D,S/D
847,BASE SAN MARTIN,ago,-60.5,-59.5,7,89066,-11.5,-6.9,-16.8,S/D,18.9,5.9,S/D,S/D
848,BASE SAN MARTIN,sep,-60.5,-59.5,7,89066,-8.9,-4.6,-13.9,S/D,17.5,6.3,S/D,S/D
849,BASE SAN MARTIN,oct,-60.5,-59.5,7,89066,-5.9,-2.1,-10.2,S/D,20.3,6.4,S/D,S/D
850,BASE SAN MARTIN,nov,-60.5,-59.5,7,89066,-2,1.2,-5.5,S/D,19.2,6.4,S/D,S/D
851,BASE SAN MARTIN,dic,-60.5,-59.5,7,89066,0.8,3.4,-1.8,S/D,18.3,6.2,S/D,S/D
