fid,...1,Estacion,mes,lat,long,Altura_(m),Numero,Temperatura_(C),Temperatura_maxima_(C),Temperatura_minima_(C),Humedad_relativa_(%),Velocidad_del_Viento_(km/h),Nubosidad_total_(octavos),Precipitacion_(mm),Frecuencia_dias_Precipitacion_>0.1_mm
"1","0",LA QUIACA,ene,-22.1077294780167,-65.6046955042088,"3459","87007",12.8,20.1,7.4,65.3,6.9,,97.5,
"2","1",LA QUIACA,feb,-22.1077294780167,-65.6046955042088,"3459","87007",12.5,19.9,7,64.1,7.1,4.8,68.4,12.2
"3","2",LA QUIACA,mar,-22.1077294780167,-65.6046955042088,"3459","87007",12.4,19.9,6.3,62.4,6.5,4.1,55.9,9.8
"4","3",LA QUIACA,abril,-22.1077294780167,-65.6046955042088,"3459","87007",10.9,19.7,2.8,48.2,6.4,2.7,8.2,2.4
"5","4",LA QUIACA,mayo,-22.1077294780167,-65.6046955042088,"3459","87007",6.9,17.3,-3,,6,,1,0.3
"6","5",LA QUIACA,jun,-22.1077294780167,-65.6046955042088,"3459","87007",4.4,15.6,-6.2,,4.9,,0.5,0.1
"7","6",LA QUIACA,jul,-22.1077294780167,-65.6046955042088,"3459","87007",4.1,15.4,-6.8,,6.6,,0,0
"8","7",LA QUIACA,ago,-22.1077294780167,-65.6046955042088,"3459","87007",6.7,17.4,-4.2,,6.6,,1.4,0.4
"9","8",LA QUIACA,sep,-22.1077294780167,-65.6046955042088,"3459","87007",9.3,19.2,-1.1,,8.6,,3.5,0.9
"10","9",LA QUIACA,oct,-22.1077294780167,-65.6046955042088,"3459","87007",11.7,21.1,2.8,45.3,8.7,3,16,3.5
"11","10",LA QUIACA,nov,-22.1077294780167,-65.6046955042088,"3459","87007",12.8,21.7,5.2,52.3,8.8,3.6,27.3,7.4
"12","11",LA QUIACA,dic,-22.1077294780167,-65.6046955042088,"3459","87007",13.2,21.3,6.9,59.2,8.3,4.5,71.9,12.7
"13","12",ORAN,ene,-23.1322202220987,-64.3239179980743,"357","87016",,32.3,21.5,,8.4,,216.6,14.3
"14","13",ORAN,feb,-23.1322202220987,-64.3239179980743,"357","87016",25.1,31.1,20.8,,8.4,,183.7,12.9
"15","14",ORAN,mar,-23.1322202220987,-64.3239179980743,"357","87016",23.9,29.4,20.5,83.6,6.9,,184.2,
"16","15",ORAN,abril,-23.1322202220987,-64.3239179980743,"357","87016",20.9,26,17.8,85.3,6.4,,70.9,12
"17","16",ORAN,mayo,-23.1322202220987,-64.3239179980743,"357","87016",17.7,23.2,14.2,83.8,6.2,,19.8,6.6
"18","17",ORAN,jun,-23.1322202220987,-64.3239179980743,"357","87016",15,21.2,11,82.3,6.8,5.1,6.3,3.9
"19","18",ORAN,jul,-23.1322202220987,-64.3239179980743,"357","87016",14.7,22,9.2,75.4,7.7,4,4.5,2.8
"20","19",ORAN,ago,-23.1322202220987,-64.3239179980743,"357","87016",17.2,25.6,11,67.3,8.2,3.5,5.4,2.2
"21","20",ORAN,sep,-23.1322202220987,-64.3239179980743,"357","87016",20.1,28.3,13.5,59.1,9.1,3.9,16.3,3.2
"22","21",ORAN,oct,-23.1322202220987,-64.3239179980743,"357","87016",23.8,31.5,17.9,62.5,9.2,4.6,60,7.1
"23","22",ORAN,nov,-23.1322202220987,-64.3239179980743,"357","87016",25,32,19.5,69.6,9.6,5,108.1,10.4
"24","23",ORAN,dic,-23.1322202220987,-64.3239179980743,"357","87016",26,32.6,21.2,74.7,8.6,,170.1,12.9
"25","24",TARTAGAL,ene,-22.5113565168446,-63.7962494790212,"450","87022",25.2,31.7,20.6,78.5,6.1,,200.2,11.6
"26","25",TARTAGAL,feb,-22.5113565168446,-63.7962494790212,"450","87022",24.4,30.7,20,,5.9,,182.8,11.1
"27","26",TARTAGAL,mar,-22.5113565168446,-63.7962494790212,"450","87022",,29.1,19.6,,5.2,,187.7,11.7
"28","27",TARTAGAL,abril,-22.5113565168446,-63.7962494790212,"450","87022",20.2,25.5,17,85,4.7,,65.3,10.5
"29","28",TARTAGAL,mayo,-22.5113565168446,-63.7962494790212,"450","87022",17.2,22.7,13.2,83.5,4.6,,22,5.9
"30","29",TARTAGAL,jun,-22.5113565168446,-63.7962494790212,"450","87022",14.9,21,10.7,80.8,4.6,,6.7,3.6
"31","30",TARTAGAL,jul,-22.5113565168446,-63.7962494790212,"450","87022",14.6,22.1,9.1,71.9,5.6,,3.6,2.2
"32","31",TARTAGAL,ago,-22.5113565168446,-63.7962494790212,"450","87022",17.4,25.5,10.6,62,6.7,,5.1,1.7
"33","32",TARTAGAL,sep,-22.5113565168446,-63.7962494790212,"450","87022",20.2,28.2,13.2,55.1,7.3,,15.1,2.4
"34","33",TARTAGAL,oct,-22.5113565168446,-63.7962494790212,"450","87022",23.9,31.4,17.5,60.1,8.1,,45,5.1
"35","34",TARTAGAL,nov,-22.5113565168446,-63.7962494790212,"450","87022",24.6,31.7,18.8,67.1,8.6,,110,9
"36","35",TARTAGAL,dic,-22.5113565168446,-63.7962494790212,"450","87022",25.3,32,20.3,74.4,7.1,,176.4,11.4
"37","36",JUJUY,ene,-24.1855883478204,-65.2909821309409,"905","87046",23.6,30,18.3,74.4,8.2,,153.2,13.4
"38","37",JUJUY,feb,-24.1855883478204,-65.2909821309409,"905","87046",22.5,28.8,17.5,77.7,8.3,,152.9,12.5
"39","38",JUJUY,mar,-24.1855883478204,-65.2909821309409,"905","87046",21.4,27.2,17.1,82,7.3,,138.9,14.1
"40","39",JUJUY,abril,-24.1855883478204,-65.2909821309409,"905","87046",18.3,24,14,82.4,7.1,,49.4,8.7
"41","40",JUJUY,mayo,-24.1855883478204,-65.2909821309409,"905","87046",14.8,21.3,10,79.7,7.4,4.7,11.6,3.9
"42","41",JUJUY,jun,-24.1855883478204,-65.2909821309409,"905","87046",12.2,19.7,6.8,76.7,7.3,4.1,2.8,2
"43","42",JUJUY,jul,-24.1855883478204,-65.2909821309409,"905","87046",11.9,20.3,5.8,68,9.2,3.2,3.4,2.3
"44","43",JUJUY,ago,-24.1855883478204,-65.2909821309409,"905","87046",15,23.3,8.2,58.7,10.3,3.1,3.1,1.6
"45","44",JUJUY,sep,-24.1855883478204,-65.2909821309409,"905","87046",17.8,25.7,10.6,52.3,11,3.4,5.4,1.9
"46","45",JUJUY,oct,-24.1855883478204,-65.2909821309409,"905","87046",21.7,29,14.8,56,10.7,4.1,28.1,4.8
"47","46",JUJUY,nov,-24.1855883478204,-65.2909821309409,"905","87046",23,29.9,16.7,62,10.2,4.5,61.1,7.8
"48","47",JUJUY,dic,-24.1855883478204,-65.2909821309409,"905","87046",23.8,30.5,18,68.8,8.9,5,130.4,11.6
"49","48",SALTA,ene,-24.7937192146003,-65.4122863386928,"1221","87047",21.4,27.4,16.6,78.2,6.8,,192.6,
"50","49",SALTA,feb,-24.7937192146003,-65.4122863386928,"1221","87047",20.3,26.4,15.7,81,6.5,,154.2,
"51","50",SALTA,mar,-24.7937192146003,-65.4122863386928,"1221","87047",19.5,25.2,15.3,83.7,5.8,,110.6,14.2
"52","51",SALTA,abril,-24.7937192146003,-65.4122863386928,"1221","87047",16.6,22.7,11.9,82.9,5.8,,33,7.9
"53","52",SALTA,mayo,-24.7937192146003,-65.4122863386928,"1221","87047",13.1,20.3,7.6,80.5,6.3,5,8,3.9
"54","53",SALTA,jun,-24.7937192146003,-65.4122863386928,"1221","87047",10.6,19.6,4.1,75.5,6.1,4.2,1.5,1.6
"55","54",SALTA,jul,-24.7937192146003,-65.4122863386928,"1221","87047",10.1,20,2.9,69.1,6.9,3.3,3.9,2.1
"56","55",SALTA,ago,-24.7937192146003,-65.4122863386928,"1221","87047",12.7,22.3,4.9,62.8,7.5,3.2,3.8,2.1
"57","56",SALTA,sep,-24.7937192146003,-65.4122863386928,"1221","87047",15.1,23.9,7.3,58.2,7.9,3.5,7.6,2.7
"58","57",SALTA,oct,-24.7937192146003,-65.4122863386928,"1221","87047",19.1,26.8,11.8,61.2,9,4.4,25.1,5.7
"59","58",SALTA,nov,-24.7937192146003,-65.4122863386928,"1221","87047",20.5,27.5,14.1,67.1,8.7,5,62.2,9.5
"60","59",SALTA,dic,-24.7937192146003,-65.4122863386928,"1221","87047",21.5,28,15.9,73.1,7.7,,145.6,14
"61","60",LAS LOMITAS,ene,-24.7075268,-60.5942732,"130","87078",27.9,35.1,21.7,69.3,5.4,4,142.4,8.8
"62","61",LAS LOMITAS,feb,-24.7075268,-60.5942732,"130","87078",26.8,33.8,21.1,72.2,7,3.9,116.7,9.2
"63","62",LAS LOMITAS,mar,-24.7075268,-60.5942732,"130","87078",25.8,32.8,20.3,75.2,6,3.5,160.4,9.9
"64","63",LAS LOMITAS,abril,-24.7075268,-60.5942732,"130","87078",22.5,28.8,17.5,79.4,5.9,4.2,84.6,9.3
"65","64",LAS LOMITAS,mayo,-24.7075268,-60.5942732,"130","87078",18.8,25.4,13.7,79.9,5.8,4.1,57.5,7.1
"66","65",LAS LOMITAS,jun,-24.7075268,-60.5942732,"130","87078",16.9,23.4,11.8,79.3,5.3,4.4,18.6,6
"67","66",LAS LOMITAS,jul,-24.7075268,-60.5942732,"130","87078",16.6,24.1,10.4,71.3,6.9,3.5,13.1,3.9
"68","67",LAS LOMITAS,ago,-24.7075268,-60.5942732,"130","87078",19.1,27.1,12.2,62.8,8.6,3.1,16.1,2.9
"69","68",LAS LOMITAS,sep,-24.7075268,-60.5942732,"130","87078",21.2,29.1,14.2,60.5,8.7,3.5,30.4,4.4
"70","69",LAS LOMITAS,oct,-24.7075268,-60.5942732,"130","87078",24.6,32.2,17.8,62.7,9.4,3.7,72.5,7.3
"71","70",LAS LOMITAS,nov,-24.7075268,-60.5942732,"130","87078",25.9,33.2,19.3,65.9,9.9,3.7,119,8.7
"72","71",LAS LOMITAS,dic,-24.7075268,-60.5942732,"130","87078",27.3,34.4,20.9,68.2,8.2,3.8,132.6,8.8
"73","72",IGUAZU,ene,-25.6107527621535,-54.5876462565905,"270","87097",25.6,31.8,20.5,78.1,6.4,4.2,177.7,10.3
"74","73",IGUAZU,feb,-25.6107527621535,-54.5876462565905,"270","87097",24.9,31.2,20.2,80.4,6.3,4.3,154.7,10.2
"75","74",IGUAZU,mar,-25.6107527621535,-54.5876462565905,"270","87097",24.2,30.7,19.3,79.7,5.3,3.6,126.5,8.1
"76","75",IGUAZU,abril,-25.6107527621535,-54.5876462565905,"270","87097",21.4,27.5,16.8,83.7,6.1,3.7,169.1,8.9
"77","76",IGUAZU,mayo,-25.6107527621535,-54.5876462565905,"270","87097",17.6,23.5,13.1,86.5,6.4,3.6,192.7,8.8
"78","77",IGUAZU,jun,-25.6107527621535,-54.5876462565905,"270","87097",15.9,21.7,11.7,88.1,6.2,4,148.3,8.6
"79","78",IGUAZU,jul,-25.6107527621535,-54.5876462565905,"270","87097",15.7,22.2,10.8,83.6,7.4,3.4,115.8,8.3
"80","79",IGUAZU,ago,-25.6107527621535,-54.5876462565905,"270","87097",17.6,24.7,12.2,78.5,8.4,3.5,94.2,6.8
"81","80",IGUAZU,sep,-25.6107527621535,-54.5876462565905,"270","87097",19.1,25.8,13.7,76.4,8.8,4,160.3,9.6
"82","81",IGUAZU,oct,-25.6107527621535,-54.5876462565905,"270","87097",21.9,28.3,16.5,77.3,7.4,4.1,,11.6
"83","82",IGUAZU,nov,-25.6107527621535,-54.5876462565905,"270","87097",23.5,30.1,17.8,74.9,7.5,3.7,186.3,9.4
"84","83",IGUAZU,dic,-25.6107527621535,-54.5876462565905,"270","87097",25,31.4,19.5,75.7,6.6,3.9,186.9,9.9
"85","84",TUCUMAN,ene,-26.8144145332274,-65.201396617445,"450","87121",25.2,31,20.1,74.2,11.6,5,230.6,13.7
"86","85",TUCUMAN,feb,-26.8144145332274,-65.201396617445,"450","87121",24,29.7,19.3,76.8,11.3,5.1,172.3,11.5
"87","86",TUCUMAN,mar,-26.8144145332274,-65.201396617445,"450","87121",22.6,27.9,18.5,81,10,,151.1,12.9
"88","87",TUCUMAN,abril,-26.8144145332274,-65.201396617445,"450","87121",19.2,24.6,15.1,81.2,9.6,5.1,62.5,9.6
"89","88",TUCUMAN,mayo,-26.8144145332274,-65.201396617445,"450","87121",15.7,21.2,11.4,80.3,9.4,4.7,25.9,6.9
"90","89",TUCUMAN,jun,-26.8144145332274,-65.201396617445,"450","87121",12.7,18.6,8.2,78.9,9.7,4.6,13.1,5.2
"91","90",TUCUMAN,jul,-26.8144145332274,-65.201396617445,"450","87121",12.2,19.3,6.8,70.9,10.7,3.4,7.4,3.3
"92","91",TUCUMAN,ago,-26.8144145332274,-65.201396617445,"450","87121",14.9,22.8,8.5,62.1,11.2,3.3,8.5,2.1
"93","92",TUCUMAN,sep,-26.8144145332274,-65.201396617445,"450","87121",17.8,25.4,11,58.4,11.8,3.5,16.1,3.3
"94","93",TUCUMAN,oct,-26.8144145332274,-65.201396617445,"450","87121",21.8,28.9,15.2,61.5,12.2,4.2,65.1,7.3
"95","94",TUCUMAN,nov,-26.8144145332274,-65.201396617445,"450","87121",23.4,29.9,17.5,67.1,12,4.7,103,10.8
"96","95",TUCUMAN,dic,-26.8144145332274,-65.201396617445,"450","87121",24.9,30.8,19.3,70.8,11.1,4.8,175.9,12.1
"97","96",SANTIAGO DEL ESTERO,ene,-27.8087803794386,-64.2778646531414,"199","87129",26.7,33.9,20.5,66.8,9.2,4,134.8,9.8
"98","97",SANTIAGO DEL ESTERO,feb,-27.8087803794386,-64.2778646531414,"199","87129",25.5,32.5,19.7,70,9.2,4.1,100.6,8.7
"99","98",SANTIAGO DEL ESTERO,mar,-27.8087803794386,-64.2778646531414,"199","87129",23.8,30.4,18.5,74.2,8.6,4.3,91.1,9.5
"100","99",SANTIAGO DEL ESTERO,abril,-27.8087803794386,-64.2778646531414,"199","87129",19.8,26.3,14.6,76.6,7.8,4.5,35.9,7.1
"101","100",SANTIAGO DEL ESTERO,mayo,-27.8087803794386,-64.2778646531414,"199","87129",16.1,23.1,10.4,74.5,7.3,4.2,17.2,4.5
"102","101",SANTIAGO DEL ESTERO,jun,-27.8087803794386,-64.2778646531414,"199","87129",12.7,20.1,6.8,73.2,7.1,4.2,6.6,3.9
"103","102",SANTIAGO DEL ESTERO,jul,-27.8087803794386,-64.2778646531414,"199","87129",12.2,20.9,5,63.6,8.2,3.1,3,1.9
"104","103",SANTIAGO DEL ESTERO,ago,-27.8087803794386,-64.2778646531414,"199","87129",15.3,24.4,7.3,54.3,9,2.9,2,1.3
"105","104",SANTIAGO DEL ESTERO,sep,-27.8087803794386,-64.2778646531414,"199","87129",18.5,26.9,10.3,50.9,10.2,3.2,12.3,2.2
"106","105",SANTIAGO DEL ESTERO,oct,-27.8087803794386,-64.2778646531414,"199","87129",22.7,30.7,15.3,54.8,11.6,3.6,44.7,5.9
"107","106",SANTIAGO DEL ESTERO,nov,-27.8087803794386,-64.2778646531414,"199","87129",24.8,32.2,17.8,59,10.9,3.8,66.7,7.2
"108","107",SANTIAGO DEL ESTERO,dic,-27.8087803794386,-64.2778646531414,"199","87129",26.5,33.7,20,62.7,10,3.9,114.2,8.9
"109","108",RESISTENCIA,ene,-27.4644837721853,-59.0026041268272,"52","87155",26.8,33.3,20.9,70.8,10.1,3.7,161.1,8.9
"110","109",RESISTENCIA,feb,-27.4644837721853,-59.0026041268272,"52","87155",25.9,32.1,20.5,74.5,10.5,3.8,165.6,9.1
"111","110",RESISTENCIA,mar,-27.4644837721853,-59.0026041268272,"52","87155",24.6,30.7,19.5,77.4,9.9,3.5,174.4,9.2
"112","111",RESISTENCIA,abril,-27.4644837721853,-59.0026041268272,"52","87155",21.2,26.9,16.5,81,9.8,4.1,202.3,9.6
"113","112",RESISTENCIA,mayo,-27.4644837721853,-59.0026041268272,"52","87155",17.6,23.6,12.6,81.7,9.8,3.8,78.4,7.1
"114","113",RESISTENCIA,jun,-27.4644837721853,-59.0026041268272,"52","87155",15.4,21.3,10.8,82.5,10,4.4,63.8,7.9
"115","114",RESISTENCIA,jul,-27.4644837721853,-59.0026041268272,"52","87155",14.8,21.4,9.5,77.3,11.2,3.7,30.6,5.6
"116","115",RESISTENCIA,ago,-27.4644837721853,-59.0026041268272,"52","87155",16.7,23.7,10.8,72.5,12.7,3.6,38,5
"117","116",RESISTENCIA,sep,-27.4644837721853,-59.0026041268272,"52","87155",18.5,25.3,12.4,70.6,13.8,3.8,68.9,7.6
"118","117",RESISTENCIA,oct,-27.4644837721853,-59.0026041268272,"52","87155",21.8,28.1,15.9,71.8,13.4,3.7,134.7,10.1
"119","118",RESISTENCIA,nov,-27.4644837721853,-59.0026041268272,"52","87155",23.6,29.8,17.7,72,12.5,3.5,168.2,10
"120","119",RESISTENCIA,dic,-27.4644837721853,-59.0026041268272,"52","87155",25.8,32.1,19.7,70.8,10.7,3.6,146.9,9.1
"121","120",FORMOSA,ene,-26.1725490958718,-58.1841928789923,"60","87162",27.6,33.8,22.3,71.2,11.8,3.9,165.7,9.1
"122","121",FORMOSA,feb,-26.1725490958718,-58.1841928789923,"60","87162",26.8,32.8,21.9,74.3,11.9,3.9,128.7,8.9
"123","122",FORMOSA,mar,-26.1725490958718,-58.1841928789923,"60","87162",25.7,31.9,20.9,75.9,11.2,3.6,144.8,8.5
"124","123",FORMOSA,abril,-26.1725490958718,-58.1841928789923,"60","87162",22.5,28.1,18.2,79.5,11.5,4,175,9.2
"125","124",FORMOSA,mayo,-26.1725490958718,-58.1841928789923,"60","87162",18.9,24.4,14.6,80.2,11.6,3.9,99.3,7.7
"126","125",FORMOSA,jun,-26.1725490958718,-58.1841928789923,"60","87162",17,22.4,12.9,80.8,11.9,4.4,68.9,7.2
"127","126",FORMOSA,jul,-26.1725490958718,-58.1841928789923,"60","87162",16.3,22.3,11.7,76.5,13.1,3.8,47.5,5.5
"128","127",FORMOSA,ago,-26.1725490958718,-58.1841928789923,"60","87162",18.1,24.8,13,71.6,14.4,3.6,44.2,5.8
"129","128",FORMOSA,sep,-26.1725490958718,-58.1841928789923,"60","87162",19.8,26.3,14.5,70.2,14.9,3.8,90.8,7.6
"130","129",FORMOSA,oct,-26.1725490958718,-58.1841928789923,"60","87162",23,29,17.9,71.8,14.9,3.9,142,9.6
"131","130",FORMOSA,nov,-26.1725490958718,-58.1841928789923,"60","87162",24.7,30.7,19.4,71.4,14.4,3.6,166.5,9.1
"132","131",FORMOSA,dic,-26.1725490958718,-58.1841928789923,"60","87162",26.7,32.8,21.3,70.8,13,3.7,163.4,9.1
"133","132",CORRIENTES,ene,-27.4943456100173,-58.8286835328606,"62","87166",27,33.2,21.3,70.7,11.9,3.6,167.3,8.5
"134","133",CORRIENTES,feb,-27.4943456100173,-58.8286835328606,"62","87166",26,31.9,20.8,74.6,12.2,3.6,161.9,9.4
"135","134",CORRIENTES,mar,-27.4943456100173,-58.8286835328606,"62","87166",24.7,30.6,19.7,77.7,11.8,3.3,175.1,8.6
"136","135",CORRIENTES,abril,-27.4943456100173,-58.8286835328606,"62","87166",21.4,26.8,16.9,80.2,11.9,3.9,206.6,10.2
"137","136",CORRIENTES,mayo,-27.4943456100173,-58.8286835328606,"62","87166",18,23.4,13.4,80,11.9,3.6,91.9,7.5
"138","137",CORRIENTES,jun,-27.4943456100173,-58.8286835328606,"62","87166",15.9,21,11.6,81.2,12.1,4.3,70.5,8.4
"139","138",CORRIENTES,jul,-27.4943456100173,-58.8286835328606,"62","87166",15.2,21.1,10.4,76.5,13.4,3.5,37.5,6.1
"140","139",CORRIENTES,ago,-27.4943456100173,-58.8286835328606,"62","87166",17,23.4,11.5,72.3,14.6,3.5,47.2,5.7
"141","140",CORRIENTES,sep,-27.4943456100173,-58.8286835328606,"62","87166",18.5,24.9,13.1,70.8,15.5,3.6,75.7,8.1
"142","141",CORRIENTES,oct,-27.4943456100173,-58.8286835328606,"62","87166",21.8,27.9,16.3,72.3,15.7,3.5,150.7,10.4
"143","142",CORRIENTES,nov,-27.4943456100173,-58.8286835328606,"62","87166",23.7,29.5,17.9,72.1,14.1,3.3,184.3,10
"144","143",CORRIENTES,dic,-27.4943456100173,-58.8286835328606,"62","87166",25.8,31.9,20.1,70.9,12.5,3.5,157.7,9.3
"145","144",POSADAS,ene,-27.3762108669457,-55.9107553789923,"125","87178",27,33,21.8,68.5,9.1,3.6,167.2,10.3
"146","145",POSADAS,feb,-27.3762108669457,-55.9107553789923,"125","87178",26.2,32.1,21.3,72.1,9.1,3.6,154.9,9.6
"147","146",POSADAS,mar,-27.3762108669457,-55.9107553789923,"125","87178",25.1,31.2,20.2,73,8.6,3.3,144.1,9
"148","147",POSADAS,abril,-27.3762108669457,-55.9107553789923,"125","87178",21.9,27.6,17.4,76.4,8.7,3.7,193.8,10.2
"149","148",POSADAS,mayo,-27.3762108669457,-55.9107553789923,"125","87178",18.3,23.9,14,77.4,9,3.6,138.2,8.3
"150","149",POSADAS,jun,-27.3762108669457,-55.9107553789923,"125","87178",16.5,21.9,12.3,78.8,8.9,4.1,139.8,9.4
"151","150",POSADAS,jul,-27.3762108669457,-55.9107553789923,"125","87178",16.1,21.9,11.6,74.7,10.1,3.6,103.3,9
"152","151",POSADAS,ago,-27.3762108669457,-55.9107553789923,"125","87178",17.9,24.2,13.1,70.3,10.9,3.6,93.9,8.3
"153","152",POSADAS,sep,-27.3762108669457,-55.9107553789923,"125","87178",19.2,25.1,14.3,69.8,11,3.8,145.1,10.9
"154","153",POSADAS,oct,-27.3762108669457,-55.9107553789923,"125","87178",22.3,28.3,17.1,69.8,11,3.7,226,11.3
"155","154",POSADAS,nov,-27.3762108669457,-55.9107553789923,"125","87178",24.2,30.3,18.6,66.9,10.4,3.4,181,9.5
"156","155",POSADAS,dic,-27.3762108669457,-55.9107553789923,"125","87178",26.3,32.4,20.7,65.8,9.6,3.4,179.9,9.4
"157","156",LA RIOJA,ene,-29.4265700553913,-66.8748600883319,"429","87217",27.2,34.7,21.1,61.8,,3.9,96.3,8.5
"158","157",LA RIOJA,feb,-29.4265700553913,-66.8748600883319,"429","87217",25.8,33,19.9,64.6,,3.9,73.6,7.4
"159","158",LA RIOJA,mar,-29.4265700553913,-66.8748600883319,"429","87217",23.9,30.7,18.7,68.6,,3.9,65,6
"160","159",LA RIOJA,abril,-29.4265700553913,-66.8748600883319,"429","87217",19.7,26.7,14.5,69.7,,3.6,29.3,3.9
"161","160",LA RIOJA,mayo,-29.4265700553913,-66.8748600883319,"429","87217",15.1,22.6,9.7,69.7,,3.4,9,2.1
"162","161",LA RIOJA,jun,-29.4265700553913,-66.8748600883319,"429","87217",11.4,19.4,5.6,69.4,,3.4,2.9,0.9
"163","162",LA RIOJA,jul,-29.4265700553913,-66.8748600883319,"429","87217",10.8,19.5,4.4,62.9,,2.6,3.8,1
"164","163",LA RIOJA,ago,-29.4265700553913,-66.8748600883319,"429","87217",14.2,23,7.2,52.9,,2.4,4.2,0.6
"165","164",LA RIOJA,sep,-29.4265700553913,-66.8748600883319,"429","87217",17.9,26.2,10.9,48.9,,2.5,9.4,1.6
"166","165",LA RIOJA,oct,-29.4265700553913,-66.8748600883319,"429","87217",22.9,30.9,16,48.8,,2.8,17.6,2.3
"167","166",LA RIOJA,nov,-29.4265700553913,-66.8748600883319,"429","87217",25.5,33.5,18.7,51.9,,3.2,35.9,4.1
"168","167",LA RIOJA,dic,-29.4265700553913,-66.8748600883319,"429","87217",27.4,35.1,20.9,55.9,,3.6,65,6.4
"169","168",CATAMARCA,ene,-28.4453953837689,-65.7748943695097,"464","87222",27.3,34.1,21.5,56.2,20.9,3.6,83.8,8.9
"170","169",CATAMARCA,feb,-28.4453953837689,-65.7748943695097,"464","87222",26,32.8,20.4,59.8,18.9,3.6,69.2,7.2
"171","170",CATAMARCA,mar,-28.4453953837689,-65.7748943695097,"464","87222",24.4,31.2,19.1,63.8,17,3.4,52.4,7
"172","171",CATAMARCA,abril,-28.4453953837689,-65.7748943695097,"464","87222",20.4,27.5,14.7,65.3,14.2,3.4,27,5.3
"173","172",CATAMARCA,mayo,-28.4453953837689,-65.7748943695097,"464","87222",16,23.5,9.8,66.3,11.7,3.5,12.6,3.3
"174","173",CATAMARCA,jun,-28.4453953837689,-65.7748943695097,"464","87222",12,20,5.3,66.1,9.5,3.5,4.7,2
"175","174",CATAMARCA,jul,-28.4453953837689,-65.7748943695097,"464","87222",11.6,20.2,4.4,58.6,10.9,2.8,8.1,2.2
"176","175",CATAMARCA,ago,-28.4453953837689,-65.7748943695097,"464","87222",15.4,23.9,7.7,47.7,14.8,2.7,3.2,1.2
"177","176",CATAMARCA,sep,-28.4453953837689,-65.7748943695097,"464","87222",19.1,26.8,11.8,43,18.6,2.8,7.3,2.2
"178","177",CATAMARCA,oct,-28.4453953837689,-65.7748943695097,"464","87222",23.6,30.9,16.8,44.7,22.4,2.9,25.9,3.6
"179","178",CATAMARCA,nov,-28.4453953837689,-65.7748943695097,"464","87222",25.6,32.7,19.3,48.5,22.5,3.1,50.2,5.4
"180","179",CATAMARCA,dic,-28.4453953837689,-65.7748943695097,"464","87222",27.3,34.3,21.2,52.5,21.9,3.3,68,7.4
"181","180",VILLA MARIA DEL RIO SECO,ene,-32.4120324424365,-63.2403598824565,"341","87244",24,31.4,,74.7,6.2,3.9,130.6,9.9
"182","181",VILLA MARIA DEL RIO SECO,feb,-32.4120324424365,-63.2403598824565,"341","87244",22.4,29.8,,79.7,5.7,4.1,119.7,9.1
"183","182",VILLA MARIA DEL RIO SECO,mar,-32.4120324424365,-63.2403598824565,"341","87244",21,28.1,,81.8,5.2,4.1,134.5,9.4
"184","183",VILLA MARIA DEL RIO SECO,abril,-32.4120324424365,-63.2403598824565,"341","87244",17.3,24.3,,82.1,5.3,4.4,70.4,7.6
"185","184",VILLA MARIA DEL RIO SECO,mayo,-32.4120324424365,-63.2403598824565,"341","87244",14,21.3,,79,5.2,4.4,21.3,4.4
"186","185",VILLA MARIA DEL RIO SECO,jun,-32.4120324424365,-63.2403598824565,"341","87244",11.2,18.7,,76.7,5.3,4.2,8.4,3.3
"187","186",VILLA MARIA DEL RIO SECO,jul,-32.4120324424365,-63.2403598824565,"341","87244",10.5,18.7,,71.8,5.7,3.3,12.5,2.7
"188","187",VILLA MARIA DEL RIO SECO,ago,-32.4120324424365,-63.2403598824565,"341","87244",12.9,21.6,,66.3,6.8,3.2,6.7,1.6
"189","188",VILLA MARIA DEL RIO SECO,sep,-32.4120324424365,-63.2403598824565,"341","87244",15.3,23.6,,64.7,7.6,3.3,27.1,3.6
"190","189",VILLA MARIA DEL RIO SECO,oct,-32.4120324424365,-63.2403598824565,"341","87244",19.2,27.1,,67.5,8.8,3.6,62.6,6.6
"191","190",VILLA MARIA DEL RIO SECO,nov,-32.4120324424365,-63.2403598824565,"341","87244",21.4,29.1,,70.4,8.6,3.8,89,8.7
"192","191",VILLA MARIA DEL RIO SECO,dic,-32.4120324424365,-63.2403598824565,"341","87244",23.4,30.9,,72.5,7.1,4,130.2,9.6
"193","192",CERES,ene,-29.8819399,-61.9451954,"88","87257",25.3,32.1,19.2,72,10.2,3.3,132,9.4
"194","193",CERES,feb,-29.8819399,-61.9451954,"88","87257",24.1,30.9,18.5,76.3,10.6,3.4,122.4,8.2
"195","194",CERES,mar,-29.8819399,-61.9451954,"88","87257",22.6,29.3,17.3,78.8,10.7,3.4,153.5,9.3
"196","195",CERES,abril,-29.8819399,-61.9451954,"88","87257",18.8,25,14,81.8,9.8,3.9,95.4,9.3
"197","196",CERES,mayo,-29.8819399,-61.9451954,"88","87257",15.2,21.9,10.3,81.7,10.3,4,35.4,6
"198","197",CERES,jun,-29.8819399,-61.9451954,"88","87257",12.3,18.8,7.5,82.3,10.2,4.3,18.7,5.1
"199","198",CERES,jul,-29.8819399,-61.9451954,"88","87257",11.5,18.8,6.2,78.3,12,3.5,15.6,3.8
"200","199",CERES,ago,-29.8819399,-61.9451954,"88","87257",13.7,21.7,7.6,72.7,14.1,3.4,13,3.6
"201","200",CERES,sep,-29.8819399,-61.9451954,"88","87257",16,23.7,9.5,69.6,14.6,3.4,36.4,5.1
"202","201",CERES,oct,-29.8819399,-61.9451954,"88","87257",19.8,27,13.4,69.9,15.1,3.6,83.8,7.5
"203","202",CERES,nov,-29.8819399,-61.9451954,"88","87257",22.2,29,15.8,70.6,13.8,3.3,103.2,9.3
"204","203",CERES,dic,-29.8819399,-61.9451954,"88","87257",24.3,31,17.9,71.3,11.9,3.3,143.7,9.4
"205","204",RECONQUISTA,ene,-29.1623425517753,-59.6575956467463,"53","87270",26.4,32.4,20.8,70.3,11.5,3.2,141.4,7.8
"206","205",RECONQUISTA,feb,-29.1623425517753,-59.6575956467463,"53","87270",25.2,30.9,20.2,75.6,12,3.4,156.6,8.1
"207","206",RECONQUISTA,mar,-29.1623425517753,-59.6575956467463,"53","87270",23.7,29.4,19,78,11.7,3.2,168.3,8.4
"208","207",RECONQUISTA,abril,-29.1623425517753,-59.6575956467463,"53","87270",20,25.4,15.7,81.5,10.6,3.8,155.6,9.2
"209","208",RECONQUISTA,mayo,-29.1623425517753,-59.6575956467463,"53","87270",16.7,22.2,12.2,81.5,10.8,3.6,58.9,5.8
"210","209",RECONQUISTA,jun,-29.1623425517753,-59.6575956467463,"53","87270",14.1,19.3,9.8,83.1,10.7,4.3,49.3,5.7
"211","210",RECONQUISTA,jul,-29.1623425517753,-59.6575956467463,"53","87270",13.4,19.5,8.7,78.8,12.6,3.5,31.2,4.3
"212","211",RECONQUISTA,ago,-29.1623425517753,-59.6575956467463,"53","87270",15.4,22.2,10,73.5,14.4,3.4,26.3,3.8
"213","212",RECONQUISTA,sep,-29.1623425517753,-59.6575956467463,"53","87270",17.1,23.6,11.6,71.5,15,3.5,53.1,6.1
"214","213",RECONQUISTA,oct,-29.1623425517753,-59.6575956467463,"53","87270",20.6,26.7,15.1,71.8,15.5,3.5,114,8.7
"215","214",RECONQUISTA,nov,-29.1623425517753,-59.6575956467463,"53","87270",22.9,28.7,17.3,71,14,3.2,159.8,9.5
"216","215",RECONQUISTA,dic,-29.1623425517753,-59.6575956467463,"53","87270",25,31,19.5,70.4,12.3,3.1,136.4,8.7
"217","216",PASO DE LOS LIBRES,ene,-29.7107497428912,-57.0854277124659,"460","87814",26.2,32.6,20.5,67,,3.8,128,7.1
"218","217",PASO DE LOS LIBRES,ene,-29.7107497428912,-57.0854277124659,"70","87289",26.2,32.6,20.5,67,,3.8,128,7.1
"219","218",PASO DE LOS LIBRES,feb,-29.7107497428912,-57.0854277124659,"460","87814",25,31,20,72.5,,3.9,154.3,8.5
"220","219",PASO DE LOS LIBRES,feb,-29.7107497428912,-57.0854277124659,"70","87289",25,31,20,72.5,,3.9,154.3,8.5
"221","220",PASO DE LOS LIBRES,mar,-29.7107497428912,-57.0854277124659,"460","87814",23.6,29.6,18.5,74.4,,3.5,166.8,7.7
"222","221",PASO DE LOS LIBRES,mar,-29.7107497428912,-57.0854277124659,"70","87289",23.6,29.6,18.5,74.4,,3.5,166.8,7.7
"223","222",PASO DE LOS LIBRES,abril,-29.7107497428912,-57.0854277124659,"460","87814",19.9,25.6,15.2,78.1,,3.9,205,8.6
"224","223",PASO DE LOS LIBRES,abril,-29.7107497428912,-57.0854277124659,"70","87289",19.9,25.6,15.2,78.1,,3.9,205,8.6
"225","224",PASO DE LOS LIBRES,mayo,-29.7107497428912,-57.0854277124659,"460","87814",16.3,21.9,11.7,80.4,,3.9,129.8,7.4
"226","225",PASO DE LOS LIBRES,mayo,-29.7107497428912,-57.0854277124659,"70","87289",16.3,21.9,11.7,80.4,,3.9,129.8,7.4
"227","226",PASO DE LOS LIBRES,jun,-29.7107497428912,-57.0854277124659,"460","87814",13.9,19.2,9.7,82.3,,4.3,101.4,8
"228","227",PASO DE LOS LIBRES,jun,-29.7107497428912,-57.0854277124659,"70","87289",13.9,19.2,9.7,82.3,,4.3,101.4,8
"229","228",PASO DE LOS LIBRES,jul,-29.7107497428912,-57.0854277124659,"460","87814",13.4,19.1,9,79.6,,3.9,73.7,6.7
"230","229",PASO DE LOS LIBRES,jul,-29.7107497428912,-57.0854277124659,"70","87289",13.4,19.1,9,79.6,,3.9,73.7,6.7
"231","230",PASO DE LOS LIBRES,ago,-29.7107497428912,-57.0854277124659,"460","87814",15.3,21.6,10.3,75,,3.8,56.8,5.9
"232","231",PASO DE LOS LIBRES,ago,-29.7107497428912,-57.0854277124659,"70","87289",15.3,21.6,10.3,75,,3.8,56.8,5.9
"233","232",PASO DE LOS LIBRES,sep,-29.7107497428912,-57.0854277124659,"460","87814",16.7,22.6,11.7,73.8,,4,108.7,7.7
"234","233",PASO DE LOS LIBRES,sep,-29.7107497428912,-57.0854277124659,"70","87289",16.7,22.6,11.7,73.8,,4,108.7,7.7
"235","234",PASO DE LOS LIBRES,oct,-29.7107497428912,-57.0854277124659,"460","87814",20.1,25.9,14.7,72.2,,3.9,152.6,9.1
"236","235",PASO DE LOS LIBRES,oct,-29.7107497428912,-57.0854277124659,"70","87289",20.1,25.9,14.7,72.2,,3.9,152.6,9.1
"237","236",PASO DE LOS LIBRES,nov,-29.7107497428912,-57.0854277124659,"460","87814",22.5,28.5,16.8,68.7,,3.5,149.9,7.7
"238","237",PASO DE LOS LIBRES,nov,-29.7107497428912,-57.0854277124659,"70","87289",22.5,28.5,16.8,68.7,,3.5,149.9,7.7
"239","238",PASO DE LOS LIBRES,dic,-29.7107497428912,-57.0854277124659,"460","87814",25,31.2,19,65.7,,3.6,120.6,6.9
"240","239",PASO DE LOS LIBRES,dic,-29.7107497428912,-57.0854277124659,"70","87289",25,31.2,19,65.7,,3.6,120.6,6.9
"241","240",SAN JUAN,ene,-31.5280558738093,-68.524152362437,"598","87311",27.1,34.9,19.5,44.3,15.5,2.8,15.7,3.5
"242","241",SAN JUAN,feb,-31.5280558738093,-68.524152362437,"598","87311",25.5,33.4,18.2,47.1,13.9,2.7,18.9,2.9
"243","242",SAN JUAN,mar,-31.5280558738093,-68.524152362437,"598","87311",22.8,30.3,16.2,54.5,12.9,2.8,11.2,2.5
"244","243",SAN JUAN,abril,-31.5280558738093,-68.524152362437,"598","87311",17.2,25.2,10.7,57.9,10.6,2.5,4.4,1.3
"245","244",SAN JUAN,mayo,-31.5280558738093,-68.524152362437,"598","87311",12.2,20.5,5.8,61.4,9.3,2.9,4.4,1.2
"246","245",SAN JUAN,jun,-31.5280558738093,-68.524152362437,"598","87311",8.3,16.9,1.5,62.5,9.3,2.9,1.6,0.5
"247","246",SAN JUAN,jul,-31.5280558738093,-68.524152362437,"598","87311",7.7,16.5,0.7,57.8,10.3,2.5,3.5,1.1
"248","247",SAN JUAN,ago,-31.5280558738093,-68.524152362437,"598","87311",10.6,19.9,2.9,48.2,11.6,,3.2,0.9
"249","248",SAN JUAN,sep,-31.5280558738093,-68.524152362437,"598","87311",14.4,23.2,6.5,43.8,12.6,2.5,5.6,1.8
"250","249",SAN JUAN,oct,-31.5280558738093,-68.524152362437,"598","87311",19.8,28.1,11.4,,14.8,,3.6,1.1
"251","250",SAN JUAN,nov,-31.5280558738093,-68.524152362437,"598","87311",23.4,31.6,14.8,,16,,7,1.6
"252","251",SAN JUAN,dic,-31.5280558738093,-68.524152362437,"598","87311",26.3,34.2,18,,16.1,2.5,11.6,2.3
"253","252",CHAMICAL,ene,-30.359464,-66.3128166,"461","87320",26.5,33.2,20.3,60,11.7,3.6,105,8.6
"254","253",CHAMICAL,feb,-30.359464,-66.3128166,"461","87320",25.1,31.6,19.3,63.3,9.8,3.7,95.1,6.6
"255","254",CHAMICAL,mar,-30.359464,-66.3128166,"461","87320",23.2,29.2,18.1,67.4,8.2,3.9,68.2,6.8
"256","255",CHAMICAL,abril,-30.359464,-66.3128166,"461","87320",19.1,25.2,14.1,68.6,7.1,3.9,26.6,4.4
"257","256",CHAMICAL,mayo,-30.359464,-66.3128166,"461","87320",15.2,21.4,10,68.7,6.6,3.8,9.9,2.7
"258","257",CHAMICAL,jun,-30.359464,-66.3128166,"461","87320",11.9,18.3,6.6,67.4,6.4,3.9,2.1,1.5
"259","258",CHAMICAL,jul,-30.359464,-66.3128166,"461","87320",11.3,18.6,5.3,60,7.5,2.9,4.9,1.4
"260","259",CHAMICAL,ago,-30.359464,-66.3128166,"461","87320",14.4,22,7.7,50.3,9.5,2.6,1.7,1
"261","260",CHAMICAL,sep,-30.359464,-66.3128166,"461","87320",17.7,25,10.6,46.5,11.3,2.8,9.4,2.2
"262","261",CHAMICAL,oct,-30.359464,-66.3128166,"461","87320",22.2,29.3,15.1,47.3,13.8,2.9,30.4,2.9
"263","262",CHAMICAL,nov,-30.359464,-66.3128166,"461","87320",24.6,31.7,17.7,50.5,14,3.2,42.6,5.4
"264","263",CHAMICAL,dic,-30.359464,-66.3128166,"461","87320",26.4,33.5,19.7,54.8,13.2,3.4,83.5,7.2
"265","264",VILLA DOLORES,ene,-29.9473684210526,-57.5,"566","87328",25.1,32.3,18.1,61.1,7.1,3.4,121.1,10.5
"266","265",VILLA DOLORES,feb,-29.9473684210526,-57.5,"566","87328",23.7,31,17.1,64.9,5,3.5,102.2,9.1
"267","266",VILLA DOLORES,mar,-29.9473684210526,-57.5,"566","87328",21.8,28.8,16,70.3,4.6,3.6,94.4,8.6
"268","267",VILLA DOLORES,abril,-29.9473684210526,-57.5,"566","87328",17.7,24.9,12.2,71.4,5,3.5,42.4,5.5
"269","268",VILLA DOLORES,mayo,-29.9473684210526,-57.5,"566","87328",13.8,21.1,8.7,72.2,4.6,3.8,17.6,3.7
"270","269",VILLA DOLORES,jun,-29.9473684210526,-57.5,"566","87328",10.7,18.3,5.6,70.5,4.3,3.6,4.7,1.8
"271","270",VILLA DOLORES,jul,-29.9473684210526,-57.5,"566","87328",10.1,18.2,4.5,64.3,5.6,3.1,13.2,2.5
"272","271",VILLA DOLORES,ago,-29.9473684210526,-57.5,"566","87328",12.9,21.3,6.6,54.4,6.5,3,6.1,1.6
"273","272",VILLA DOLORES,sep,-29.9473684210526,-57.5,"566","87328",15.8,24,8.8,50.5,7.1,3.1,22.9,3.7
"274","273",VILLA DOLORES,oct,-29.9473684210526,-57.5,"566","87328",20.3,28.1,12.8,50.7,8.7,3.2,35.1,4.8
"275","274",VILLA DOLORES,nov,-29.9473684210526,-57.5,"566","87328",22.8,30.4,15.2,53,8.6,3.3,75.1,8
"276","275",VILLA DOLORES,dic,-29.9473684210526,-57.5,"566","87328",24.6,31.9,17.3,57.9,7.3,3.5,113.3,10.5
"277","276",CORDOBA,ene,-31.4184735939078,-64.1851206760287,"495","87344",23.4,29.4,17.5,69.9,12.6,3.8,141,11
"278","277",CORDOBA,feb,-31.4184735939078,-64.1851206760287,"495","87344",22.2,28.3,16.6,73.2,11.3,3.9,115.9,9.5
"279","278",CORDOBA,mar,-31.4184735939078,-64.1851206760287,"495","87344",20.7,26.9,15.5,76,11.4,3.9,126.9,9.6
"280","279",CORDOBA,abril,-31.4184735939078,-64.1851206760287,"495","87344",17.2,23.6,11.7,74.4,11.5,4,66.3,6.4
"281","280",CORDOBA,mayo,-31.4184735939078,-64.1851206760287,"495","87344",13.7,20.5,8.3,72.7,11.2,4.2,21.3,4.3
"282","281",CORDOBA,jun,-31.4184735939078,-64.1851206760287,"495","87344",10.7,18,5.1,70.3,10.9,4,4.8,2
"283","282",CORDOBA,jul,-31.4184735939078,-64.1851206760287,"495","87344",10,17.6,4,65.7,12,3.5,13.5,2.7
"284","283",CORDOBA,ago,-31.4184735939078,-64.1851206760287,"495","87344",12.5,20.3,5.9,58.3,13.5,3.3,9.7,1.7
"285","284",CORDOBA,sep,-31.4184735939078,-64.1851206760287,"495","87344",14.9,22.3,8.2,56.7,14.8,3.5,35.2,3.7
"286","285",CORDOBA,oct,-31.4184735939078,-64.1851206760287,"495","87344",18.6,25.6,11.9,60,15.8,3.7,71.9,6.7
"287","286",CORDOBA,nov,-31.4184735939078,-64.1851206760287,"495","87344",20.9,27.5,14.4,62.4,15.8,3.7,118.3,8.9
"288","287",CORDOBA,dic,-31.4184735939078,-64.1851206760287,"495","87344",22.9,29,16.8,65.9,13.7,4,156.9,11.1
"289","288",PILAR,ene,-34.4591669485999,-58.9150750891311,"338","87349",23.4,29.9,17.9,70.2,,3.5,132.2,10.7
"290","289",PILAR,feb,-34.4591669485999,-58.9150750891311,"338","87349",22.1,28.6,16.9,74.2,,3.6,106.1,9.1
"291","290",PILAR,mar,-34.4591669485999,-58.9150750891311,"338","87349",20.6,27,15.7,77.2,,3.7,109.6,9.5
"292","291",PILAR,abril,-34.4591669485999,-58.9150750891311,"338","87349",17,23.7,12.1,75.5,,3.8,63.4,7
"293","292",PILAR,mayo,-34.4591669485999,-58.9150750891311,"338","87349",13.6,20.2,8.6,74.3,,4.1,23.9,4.8
"294","293",PILAR,jun,-34.4591669485999,-58.9150750891311,"338","87349",10.5,17.4,5.5,72.6,,4,4.9,2.9
"295","294",PILAR,jul,-34.4591669485999,-58.9150750891311,"338","87349",9.7,17,4.4,68,,3.5,13.8,2.9
"296","295",PILAR,ago,-34.4591669485999,-58.9150750891311,"338","87349",11.9,19.8,5.8,60.9,,3.3,9.6,2.3
"297","296",PILAR,sep,-34.4591669485999,-58.9150750891311,"338","87349",14.3,22,8.2,58.9,,3.4,33.1,4.5
"298","297",PILAR,oct,-34.4591669485999,-58.9150750891311,"338","87349",18.3,25.3,12.2,61.6,,3.6,66.6,7.4
"299","298",PILAR,nov,-34.4591669485999,-58.9150750891311,"338","87349",20.8,27.7,14.8,62.9,,3.6,103.2,9.9
"300","299",PILAR,dic,-34.4591669485999,-58.9150750891311,"338","87349",22.9,29.4,17.1,66.1,,3.7,130.1,11.7
"301","300",SAUCE VIEJO,ene,-29.5714285714286,-58.7755102040816,"18","87371",25.8,31.8,20.1,70.9,9.2,3,95.4,7
"302","301",SAUCE VIEJO,feb,-29.5714285714286,-58.7755102040816,"18","87371",24.4,30.1,19.2,75.4,8.8,3.2,112,7
"303","302",SAUCE VIEJO,mar,-29.5714285714286,-58.7755102040816,"18","87371",22.8,28.5,18,78.3,9.6,3.1,146.4,7.9
"304","303",SAUCE VIEJO,abril,-29.5714285714286,-58.7755102040816,"18","87371",18.7,24.3,14.1,81.5,8.9,3.5,116.2,7.8
"305","304",SAUCE VIEJO,mayo,-29.5714285714286,-58.7755102040816,"18","87371",15.4,21,10.9,82.5,9.8,3.6,49.4,4.7
"306","305",SAUCE VIEJO,jun,-29.5714285714286,-58.7755102040816,"18","87371",12.2,17.6,7.9,83.6,10.1,4,31.5,3.5
"307","306",SAUCE VIEJO,jul,-29.5714285714286,-58.7755102040816,"18","87371",11.5,17.3,6.9,80.4,12.1,3.4,23.9,3
"308","307",SAUCE VIEJO,ago,-29.5714285714286,-58.7755102040816,"18","87371",13.7,19.9,8.5,75.7,13.8,3.2,28.4,3.3
"309","308",SAUCE VIEJO,sep,-29.5714285714286,-58.7755102040816,"18","87371",15.9,21.9,10.5,73,13.9,3.3,53.2,4.9
"310","309",SAUCE VIEJO,oct,-29.5714285714286,-58.7755102040816,"18","87371",19.5,25.4,14.1,72.7,14.3,3.3,110.5,7.3
"311","310",SAUCE VIEJO,nov,-29.5714285714286,-58.7755102040816,"18","87371",22.1,27.9,16.7,71.1,13.4,3.1,128.9,7.5
"312","311",SAUCE VIEJO,dic,-29.5714285714286,-58.7755102040816,"18","87371",24.4,30.2,18.9,70.5,10.9,3.1,124.9,8.2
"313","312",PARANA,ene,-29.7234042553191,-57.9310344827586,"78","87374",25.1,31.2,19.3,65.6,10.6,3,115.2,7.6
"314","313",PARANA,feb,-29.7234042553191,-57.9310344827586,"78","87374",23.6,29.6,18.5,71.5,10.3,3.2,134.8,8
"315","314",PARANA,mar,-29.7234042553191,-57.9310344827586,"78","87374",22,27.9,17.1,74.5,9.6,3.1,155,8
"316","315",PARANA,abril,-29.7234042553191,-57.9310344827586,"78","87374",18,23.5,13.6,78.3,9.5,3.5,132.7,8.4
"317","316",PARANA,mayo,-29.7234042553191,-57.9310344827586,"78","87374",14.8,20.2,10.6,78.9,9.4,3.7,58.3,5.4
"318","317",PARANA,jun,-29.7234042553191,-57.9310344827586,"78","87374",12,16.9,8,80.1,10,4.1,38.2,4.9
"319","318",PARANA,jul,-29.7234042553191,-57.9310344827586,"78","87374",11.3,16.6,7.1,76.6,11.3,3.5,32.4,4.3
"320","319",PARANA,ago,-29.7234042553191,-57.9310344827586,"78","87374",13.2,19.3,8.4,71.3,12.7,3.3,32.4,4.3
"321","320",PARANA,sep,-29.7234042553191,-57.9310344827586,"78","87374",15.1,21.1,9.9,68.8,13.4,3.4,61.2,5.6
"322","321",PARANA,oct,-29.7234042553191,-57.9310344827586,"78","87374",18.5,24.5,13.1,69.3,13.9,3.4,127.6,9
"323","322",PARANA,nov,-29.7234042553191,-57.9310344827586,"78","87374",21.3,27.2,15.6,66.9,13.2,3.1,118.7,8.2
"324","323",PARANA,dic,-29.7234042553191,-57.9310344827586,"78","87374",23.6,29.6,17.8,65.2,12,3.1,141.2,9.2
"325","324",MONTE CASEROS,ene,-26.25,-55.4615384615385,"54","87393",26.3,32.6,20.6,66.9,,3.3,154.1,8.3
"326","325",MONTE CASEROS,feb,-26.25,-55.4615384615385,"54","87393",25,31,19.9,72.9,,3.5,144.7,8.8
"327","326",MONTE CASEROS,mar,-26.25,-55.4615384615385,"54","87393",23.5,29.6,18.5,74.7,,3.2,154.3,8.5
"328","327",MONTE CASEROS,abril,-26.25,-55.4615384615385,"54","87393",19.6,25.3,15.2,79,,3.6,189.7,9.5
"329","328",MONTE CASEROS,mayo,-26.25,-55.4615384615385,"54","87393",16.1,21.7,11.7,80.4,,3.6,110.9,7.6
"330","329",MONTE CASEROS,jun,-26.25,-55.4615384615385,"54","87393",13.7,18.9,9.5,81.9,,4.2,88.4,7.8
"331","330",MONTE CASEROS,jul,-26.25,-55.4615384615385,"54","87393",13.1,18.8,8.8,78.9,,3.7,64.1,6.4
"332","331",MONTE CASEROS,ago,-26.25,-55.4615384615385,"54","87393",15,21.3,10,74.5,,3.7,57.5,5.8
"333","332",MONTE CASEROS,sep,-26.25,-55.4615384615385,"54","87393",16.6,22.4,11.5,73.1,,3.8,107.3,7.9
"334","333",MONTE CASEROS,oct,-26.25,-55.4615384615385,"54","87393",20,25.8,14.6,71.9,,3.6,146.5,9.4
"335","334",MONTE CASEROS,nov,-26.25,-55.4615384615385,"54","87393",22.5,28.4,16.8,69.1,,3.3,154,8.3
"336","335",MONTE CASEROS,dic,-26.25,-55.4615384615385,"54","87393",25,31.2,19,65.8,,3.3,134.1,8.1
"337","336",CONCORDIA,ene,-31.3814685819862,-58.0229797265597,"38","87395",25.8,32.2,19.4,63.5,9.3,3.1,133.9,8.3
"338","337",CONCORDIA,feb,-31.3814685819862,-58.0229797265597,"38","87395",24.4,30.4,18.8,70.1,8.5,3.5,145.7,8.4
"339","338",CONCORDIA,mar,-31.3814685819862,-58.0229797265597,"38","87395",22.8,28.8,17.3,72.4,7.5,3.1,156.5,8.2
"340","339",CONCORDIA,abril,-31.3814685819862,-58.0229797265597,"38","87395",18.8,24.5,13.8,77.5,6.8,3.5,163.4,9
"341","340",CONCORDIA,mayo,-31.3814685819862,-58.0229797265597,"38","87395",15.3,20.8,10.5,79.8,7,3.7,99.7,7.8
"342","341",CONCORDIA,jun,-31.3814685819862,-58.0229797265597,"38","87395",12.7,17.9,8.2,81,7.2,4.2,82.4,7.8
"343","342",CONCORDIA,jul,-31.3814685819862,-58.0229797265597,"38","87395",12.2,17.8,7.4,78,8.6,3.8,52.2,6.9
"344","343",CONCORDIA,ago,-31.3814685819862,-58.0229797265597,"38","87395",14.1,20.2,8.6,73.9,10.4,3.6,58.7,6.4
"345","344",CONCORDIA,sep,-31.3814685819862,-58.0229797265597,"38","87395",15.7,21.8,10.1,71.4,11.8,3.7,85.6,7.1
"346","345",CONCORDIA,oct,-31.3814685819862,-58.0229797265597,"38","87395",19.1,25.1,13.2,70.4,12.3,3.6,136.9,8.8
"347","346",CONCORDIA,nov,-31.3814685819862,-58.0229797265597,"38","87395",21.7,27.7,15.4,67.1,11.3,3.2,140.8,7.8
"348","347",CONCORDIA,dic,-31.3814685819862,-58.0229797265597,"38","87395",24.2,30.6,17.7,63.7,10.9,3.1,121,7.8
"349","348",SAN MARTIN,ene,-24.25400575,-65.2055721053125,"653","87416",24.6,32.4,17.8,55.5,7.1,2.9,45,6.3
"350","349",SAN MARTIN,feb,-24.25400575,-65.2055721053125,"653","87416",23.2,31.1,16.5,59.2,6.2,3,36.3,5
"351","350",SAN MARTIN,mar,-24.25400575,-65.2055721053125,"653","87416",20.5,28.1,14.8,66.4,6,3.1,43,4.4
"352","351",SAN MARTIN,abril,-24.25400575,-65.2055721053125,"653","87416",15.6,23.5,10.1,69.8,5.2,3,15.8,2.6
"353","352",SAN MARTIN,mayo,-24.25400575,-65.2055721053125,"653","87416",11.3,19.1,6.1,70.6,4.7,3.4,9.2,2.2
"354","353",SAN MARTIN,jun,-24.25400575,-65.2055721053125,"653","87416",8,15.7,2.7,69.9,4.5,3.3,3.7,1.4
"355","354",SAN MARTIN,jul,-24.25400575,-65.2055721053125,"653","87416",7.5,15.4,1.9,65,5.1,3,6.8,1.9
"356","355",SAN MARTIN,ago,-24.25400575,-65.2055721053125,"653","87416",10.2,18.6,4,56.7,5.9,2.8,6.4,1.6
"357","356",SAN MARTIN,sep,-24.25400575,-65.2055721053125,"653","87416",13.3,21.5,6.8,54.7,6.9,2.9,12.4,2.7
"358","357",SAN MARTIN,oct,-24.25400575,-65.2055721053125,"653","87416",18,26,11,51.3,7.7,2.7,12.7,2.2
"359","358",SAN MARTIN,nov,-24.25400575,-65.2055721053125,"653","87416",21.3,29.2,14,51.1,8.4,2.6,20.1,3.7
"360","359",SAN MARTIN,dic,-24.25400575,-65.2055721053125,"653","87416",23.9,31.7,16.8,51.5,7.5,2.8,28.4,5.3
"361","360",MENDOZA,ene,-32.9194206255414,-68.8030816169116,"704","87418",25.5,32.3,18.7,49.8,8.3,3.3,50.5,6.1
"362","361",MENDOZA,feb,-32.9194206255414,-68.8030816169116,"704","87418",24,30.9,17.4,53.6,6.9,3.4,33.7,5.1
"363","362",MENDOZA,mar,-32.9194206255414,-68.8030816169116,"704","87418",21.3,27.9,15.5,61.8,6,3.4,34.9,4.9
"364","363",MENDOZA,abril,-32.9194206255414,-68.8030816169116,"704","87418",16.2,23.2,10.4,65.6,4.9,3.2,16.5,3.5
"365","364",MENDOZA,mayo,-32.9194206255414,-68.8030816169116,"704","87418",11.8,18.7,6.2,68.3,4.5,3.7,10.5,3.2
"366","365",MENDOZA,jun,-32.9194206255414,-68.8030816169116,"704","87418",8.4,15.7,2.9,69.4,4.3,3.5,6.3,2.1
"367","366",MENDOZA,jul,-32.9194206255414,-68.8030816169116,"704","87418",7.9,15,2.1,64.4,4.9,3.3,8,2.7
"368","367",MENDOZA,ago,-32.9194206255414,-68.8030816169116,"704","87418",10.6,18.3,4.2,55.1,6,3.1,8,2.4
"369","368",MENDOZA,sep,-32.9194206255414,-68.8030816169116,"704","87418",13.9,21.1,7.2,51.3,6.7,3.2,15.1,3.8
"370","369",MENDOZA,oct,-32.9194206255414,-68.8030816169116,"704","87418",18.8,25.9,11.7,45.7,8.1,3,10.4,3
"371","370",MENDOZA,nov,-32.9194206255414,-68.8030816169116,"704","87418",22.2,29.2,15.1,44.5,8.9,3,16.4,4
"372","371",MENDOZA,dic,-32.9194206255414,-68.8030816169116,"704","87418",24.9,31.8,17.9,45.8,8.8,3.1,24.3,4.3
"373","372",MENDOZA OBSERVATORIO,ene,-32.9873451538433,-68.9032067733572,"827","87420",23.9,30.4,18.2,53.5,4.4,3.4,40,7.4
"374","373",MENDOZA OBSERVATORIO,feb,-32.9873451538433,-68.9032067733572,"827","87420",22.5,29.1,16.9,58.1,3.8,3.5,43,6.5
"375","374",MENDOZA OBSERVATORIO,mar,-32.9873451538433,-68.9032067733572,"827","87420",20,26.5,15.1,64.7,4,3.6,38.7,7.4
"376","375",MENDOZA OBSERVATORIO,abril,-32.9873451538433,-68.9032067733572,"827","87420",15.3,22,10.8,66.1,3.4,3.4,19.6,4.4
"377","376",MENDOZA OBSERVATORIO,mayo,-32.9873451538433,-68.9032067733572,"827","87420",11.2,17.9,7,67.8,3,3.8,12.9,3.7
"378","377",MENDOZA OBSERVATORIO,jun,-32.9873451538433,-68.9032067733572,"827","87420",8.1,15,3.9,68.8,3.1,3.7,8.7,3.2
"379","378",MENDOZA OBSERVATORIO,jul,-32.9873451538433,-68.9032067733572,"827","87420",7.5,14.5,3.1,64.8,3.8,3.4,10.9,3.5
"380","379",MENDOZA OBSERVATORIO,ago,-32.9873451538433,-68.9032067733572,"827","87420",10,17.3,5.1,57.3,4.3,3.2,10.4,3.4
"381","380",MENDOZA OBSERVATORIO,sep,-32.9873451538433,-68.9032067733572,"827","87420",13,19.9,7.4,54.9,4.3,3.4,18.8,4.9
"382","381",MENDOZA OBSERVATORIO,oct,-32.9873451538433,-68.9032067733572,"827","87420",17.5,24.2,11.5,50.7,5.2,3.1,13.7,4
"383","382",MENDOZA OBSERVATORIO,nov,-32.9873451538433,-68.9032067733572,"827","87420",20.6,27.3,14.5,50.5,5.7,3.1,20.7,4.4
"384","383",MENDOZA OBSERVATORIO,dic,-32.9873451538433,-68.9032067733572,"827","87420",23.2,29.8,17.3,51.3,4.9,3.3,28,5.7
"385","384",SAN LUIS,ene,-33.2879353935119,-66.3265179892413,"713","87436",24.4,31.1,17.9,54.4,18,3.4,119.5,10.2
"386","385",SAN LUIS,feb,-33.2879353935119,-66.3265179892413,"713","87436",23.2,30,17,56.7,16.7,3.2,97.5,8.3
"387","386",SAN LUIS,mar,-33.2879353935119,-66.3265179892413,"713","87436",20.8,27.3,15.3,63.7,15.1,3.4,98.9,7.9
"388","387",SAN LUIS,abril,-33.2879353935119,-66.3265179892413,"713","87436",16.6,23.3,11.3,64.6,14.8,3.3,41.4,5
"389","388",SAN LUIS,mayo,-33.2879353935119,-66.3265179892413,"713","87436",12.9,19.7,7.7,64.2,13.8,3.9,19.8,3.3
"390","389",SAN LUIS,jun,-33.2879353935119,-66.3265179892413,"713","87436",10,17,4.5,62.4,14.2,3.9,5.7,1.9
"391","390",SAN LUIS,jul,-33.2879353935119,-66.3265179892413,"713","87436",9.4,16.6,3.7,57.6,15.4,3.5,11.2,2.7
"392","391",SAN LUIS,ago,-33.2879353935119,-66.3265179892413,"713","87436",11.9,19.3,5.9,49.6,17.3,3.2,8.6,2.2
"393","392",SAN LUIS,sep,-33.2879353935119,-66.3265179892413,"713","87436",14.7,21.8,8.5,47,17.9,3.4,24.3,4.3
"394","393",SAN LUIS,oct,-33.2879353935119,-66.3265179892413,"713","87436",18.9,25.8,12.5,46.9,21.7,3.3,40.5,5.4
"395","394",SAN LUIS,nov,-33.2879353935119,-66.3265179892413,"713","87436",21.6,28.4,15,48.3,20.9,3.3,80.4,7.8
"396","395",SAN LUIS,dic,-33.2879353935119,-66.3265179892413,"713","87436",23.8,30.5,17.1,51.4,20.1,3.4,110.1,10.6
"397","396",VILLA REYNOLDS,ene,-33.7203285,-65.3846577,"486","87448",22.9,30.8,15.2,68.2,12.4,3.8,103.7,9.8
"398","397",VILLA REYNOLDS,feb,-33.7203285,-65.3846577,"486","87448",21.7,30,14.3,70.7,11.3,3.6,85.7,8.1
"399","398",VILLA REYNOLDS,mar,-33.7203285,-65.3846577,"486","87448",19.5,27.7,12.7,76,10.2,3.7,94.6,9
"400","399",VILLA REYNOLDS,abril,-33.7203285,-65.3846577,"486","87448",15.1,23.9,8.3,76.5,8.9,3.6,55,6
"401","400",VILLA REYNOLDS,mayo,-33.7203285,-65.3846577,"486","87448",11.2,20.3,4.4,76.4,8.5,4.1,28.5,4.4
"402","401",VILLA REYNOLDS,jun,-33.7203285,-65.3846577,"486","87448",7.9,17.4,1,75.9,8.4,4.2,9.5,2.7
"403","402",VILLA REYNOLDS,jul,-33.7203285,-65.3846577,"486","87448",7.1,16.9,-0.1,72.2,8.9,3.8,18.8,3.7
"404","403",VILLA REYNOLDS,ago,-33.7203285,-65.3846577,"486","87448",9.6,19.7,1.6,65.7,10.5,3.7,17.1,3.4
"405","404",VILLA REYNOLDS,sep,-33.7203285,-65.3846577,"486","87448",12.7,22,4.4,63,12.3,3.8,35.2,5.4
"406","405",VILLA REYNOLDS,oct,-33.7203285,-65.3846577,"486","87448",16.9,25.2,8.9,62.9,15.1,4,58.8,8.3
"407","406",VILLA REYNOLDS,nov,-33.7203285,-65.3846577,"486","87448",19.8,27.8,11.8,63,15.8,3.9,85.9,9.7
"408","407",VILLA REYNOLDS,dic,-33.7203285,-65.3846577,"486","87448",22.2,30,14.3,65,14.3,3.9,113.1,10.9
"409","408",RIO CUARTO,ene,-33.0965576481235,-64.3403256012787,"421","87453",22.9,28.9,17.5,67.8,15.9,3.4,144.5,9.5
"410","409",RIO CUARTO,feb,-33.0965576481235,-64.3403256012787,"421","87453",21.8,28,16.6,70.2,14.3,3.4,90.6,7.5
"411","410",RIO CUARTO,mar,-33.0965576481235,-64.3403256012787,"421","87453",20.1,26.3,15.2,74,13.7,3.4,107.8,8.2
"412","411",RIO CUARTO,abril,-33.0965576481235,-64.3403256012787,"421","87453",16.3,22.7,11.5,72.9,13.8,3.5,64.7,6
"413","412",RIO CUARTO,mayo,-33.0965576481235,-64.3403256012787,"421","87453",12.7,19,8,72.2,12.4,3.9,31.5,3.9
"414","413",RIO CUARTO,jun,-33.0965576481235,-64.3403256012787,"421","87453",9.7,15.9,4.9,70.9,13.5,3.9,8.4,2.4
"415","414",RIO CUARTO,jul,-33.0965576481235,-64.3403256012787,"421","87453",8.9,15.5,4,66.8,15.1,3.5,14.5,3.3
"416","415",RIO CUARTO,ago,-33.0965576481235,-64.3403256012787,"421","87453",11,18.2,5.6,60.2,16.7,3.3,13.9,2.6
"417","416",RIO CUARTO,sep,-33.0965576481235,-64.3403256012787,"421","87453",13.6,20.5,7.9,58.6,18.3,3.5,40.1,4.7
"418","417",RIO CUARTO,oct,-33.0965576481235,-64.3403256012787,"421","87453",17.4,24,11.6,60.8,19,3.7,75.4,7.6
"419","418",RIO CUARTO,nov,-33.0965576481235,-64.3403256012787,"421","87453",20.1,26.5,14.3,61.2,18.3,3.6,128.7,9.1
"420","419",RIO CUARTO,dic,-33.0965576481235,-64.3403256012787,"421","87453",22.2,28.3,16.6,63.8,16.8,3.6,138.6,10.3
"421","420",MARCOS JUAREZ,ene,-32.6946933,-62.104385,"114","87467",23.8,30.8,17.5,73.8,8.5,3.2,114.3,8.3
"422","421",MARCOS JUAREZ,feb,-32.6946933,-62.104385,"114","87467",22.2,29.1,16.4,78.7,8,3.1,115,7.8
"423","422",MARCOS JUAREZ,mar,-32.6946933,-62.104385,"114","87467",20.7,27.7,15.1,80,9.1,3.1,108.1,8.4
"424","423",MARCOS JUAREZ,abril,-32.6946933,-62.104385,"114","87467",16.9,24,11.5,80,8.9,3.4,96.3,7.3
"425","424",MARCOS JUAREZ,mayo,-32.6946933,-62.104385,"114","87467",13.3,20.4,8.1,80.4,8.9,3.7,36.8,5
"426","425",MARCOS JUAREZ,jun,-32.6946933,-62.104385,"114","87467",10.2,17,5,81.2,9,4,15.8,3.7
"427","426",MARCOS JUAREZ,jul,-32.6946933,-62.104385,"114","87467",9.3,16.7,3.8,78.2,10.4,3.5,17,3.4
"428","427",MARCOS JUAREZ,ago,-32.6946933,-62.104385,"114","87467",11.4,19.6,5.1,73.7,12.4,3.2,21.2,3.6
"429","428",MARCOS JUAREZ,sep,-32.6946933,-62.104385,"114","87467",13.9,21.7,7.2,70.8,13.7,3.3,43.1,4.9
"430","429",MARCOS JUAREZ,oct,-32.6946933,-62.104385,"114","87467",17.9,25.3,11.3,70,13.9,3.4,94.6,8
"431","430",MARCOS JUAREZ,nov,-32.6946933,-62.104385,"114","87467",20.9,28.1,14.2,68,13.3,3.3,101.1,8.7
"432","431",MARCOS JUAREZ,dic,-32.6946933,-62.104385,"114","87467",23,29.9,16.5,70.2,10.4,3.3,148.3,9.6
"433","432",ROSARIO,ene,-32.9592500823199,-60.6514151738996,"25","87480",24.6,30.8,18.4,68.2,11.1,3.2,111.8,7.9
"434","433",ROSARIO,feb,-32.9592500823199,-60.6514151738996,"25","87480",23.2,29.2,17.5,73.7,10,3.3,120.6,7.6
"435","434",ROSARIO,mar,-32.9592500823199,-60.6514151738996,"25","87480",21.4,27.4,16,77.2,10.1,3.1,144.8,8.1
"436","435",ROSARIO,abril,-32.9592500823199,-60.6514151738996,"25","87480",17.3,23.5,12.1,80,9.3,3.5,111.8,8.2
"437","436",ROSARIO,mayo,-32.9592500823199,-60.6514151738996,"25","87480",13.8,19.9,8.7,81.1,9.3,3.8,59,5.2
"438","437",ROSARIO,jun,-32.9592500823199,-60.6514151738996,"25","87480",10.7,16.6,6,82.2,10,4.3,27.7,4.7
"439","438",ROSARIO,jul,-32.9592500823199,-60.6514151738996,"25","87480",10,16.2,4.8,79.6,11.1,3.7,24.7,4.1
"440","439",ROSARIO,ago,-32.9592500823199,-60.6514151738996,"25","87480",12.1,18.9,6.2,74.7,12.4,3.5,32.4,4.2
"441","440",ROSARIO,sep,-32.9592500823199,-60.6514151738996,"25","87480",14.5,20.9,8.3,70.6,13.8,3.5,47.4,5.3
"442","441",ROSARIO,oct,-32.9592500823199,-60.6514151738996,"25","87480",18.1,24.2,12,70.4,14.5,3.6,108.5,8.9
"443","442",ROSARIO,nov,-32.9592500823199,-60.6514151738996,"25","87480",21,27.1,14.7,67.9,13.8,3.4,112.3,8.6
"444","443",ROSARIO,dic,-32.9592500823199,-60.6514151738996,"25","87480",23.4,29.6,17.2,67.2,11.9,3.3,120.6,9.4
"445","456",MALARGUE,ene,-35.4785144973297,-69.5752234237101,"1425","87506",20,28.5,11.2,46,8.7,2.6,25,5
"446","457",MALARGUE,feb,-35.4785144973297,-69.5752234237101,"1425","87506",18.7,27.1,10.5,51.6,7.9,2.8,26.4,5.7
"447","458",MALARGUE,mar,-35.4785144973297,-69.5752234237101,"1425","87506",16.2,24.7,8.8,58.2,6.5,3.1,33.5,4.9
"448","459",MALARGUE,abril,-35.4785144973297,-69.5752234237101,"1425","87506",11.3,19.9,4.4,62,6.9,3.3,22.9,3.5
"449","460",MALARGUE,mayo,-35.4785144973297,-69.5752234237101,"1425","87506",7.1,15,1,64.2,6.9,4,26.9,4.9
"450","461",MALARGUE,jun,-35.4785144973297,-69.5752234237101,"1425","87506",4.6,12.1,-1.1,66.3,8.1,4.1,38.7,6
"451","462",MALARGUE,jul,-35.4785144973297,-69.5752234237101,"1425","87506",3.6,11.4,-2.4,64.2,9.6,3.9,34.1,4.9
"452","463",MALARGUE,ago,-35.4785144973297,-69.5752234237101,"1425","87506",5.5,13.7,-1.2,59,9.4,3.7,30.1,5
"453","464",MALARGUE,sep,-35.4785144973297,-69.5752234237101,"1425","87506",8.2,16.3,0.9,53.5,9.4,3.7,23.9,5.2
"454","465",MALARGUE,oct,-35.4785144973297,-69.5752234237101,"1425","87506",12.6,20.6,4.4,45.8,10.8,3.5,19.6,4
"455","466",MALARGUE,nov,-35.4785144973297,-69.5752234237101,"1425","87506",16,24.3,7.2,42.8,10.7,3.1,22.3,3.7
"456","467",MALARGUE,dic,-35.4785144973297,-69.5752234237101,"1425","87506",19,27.2,10.1,43.1,10.1,2.8,29.6,4.3
"457","468",SAN RAFAEL,ene,-34.6162949489392,-68.3453094875092,"748","87509",23.3,31.1,15.4,53.6,,2.7,61,7.5
"458","469",SAN RAFAEL,feb,-34.6162949489392,-68.3453094875092,"748","87509",22,30,14.5,56.8,,2.7,42.8,6.1
"459","470",SAN RAFAEL,mar,-34.6162949489392,-68.3453094875092,"748","87509",19.3,27,12.8,63.6,,2.9,37.2,5.3
"460","471",SAN RAFAEL,abril,-34.6162949489392,-68.3453094875092,"748","87509",14.5,22.5,8.4,66.9,,2.9,26.1,4.1
"461","472",SAN RAFAEL,mayo,-34.6162949489392,-68.3453094875092,"748","87509",10.5,18.5,4.8,68,,3.4,15.6,3.7
"462","473",SAN RAFAEL,jun,-34.6162949489392,-68.3453094875092,"748","87509",7.7,15.8,2,66.1,,3.4,9.1,2.9
"463","474",SAN RAFAEL,jul,-34.6162949489392,-68.3453094875092,"748","87509",6.9,15.2,0.9,63.4,,3.2,13.2,2.8
"464","475",SAN RAFAEL,ago,-34.6162949489392,-68.3453094875092,"748","87509",9,17.6,2.4,57.2,,3,16,3.3
"465","476",SAN RAFAEL,sep,-34.6162949489392,-68.3453094875092,"748","87509",11.8,19.8,4.7,55.8,,3.1,27.4,4.7
"466","477",SAN RAFAEL,oct,-34.6162949489392,-68.3453094875092,"748","87509",16.3,24.2,8.3,51.9,,3,30.5,4.7
"467","478",SAN RAFAEL,nov,-34.6162949489392,-68.3453094875092,"748","87509",19.6,27.5,11.2,50.2,,2.8,38.6,5.7
"468","479",SAN RAFAEL,dic,-34.6162949489392,-68.3453094875092,"748","87509",22.4,30.2,14,50.7,,2.6,45.3,6.7
"469","480",GENERAL PICO,ene,-35.65916220861,-63.7623377604595,"145","87532",23.8,30.7,16.9,64.7,12.4,3.2,111.2,8.5
"470","481",GENERAL PICO,feb,-35.65916220861,-63.7623377604595,"145","87532",22.5,29.7,15.8,67.4,10.8,3,102.7,6.7
"471","482",GENERAL PICO,mar,-35.65916220861,-63.7623377604595,"145","87532",20.2,27.2,14.4,72.2,10.9,3.4,143.8,8.9
"472","483",GENERAL PICO,abril,-35.65916220861,-63.7623377604595,"145","87532",16,22.9,10.3,73.8,9.6,3.4,70.4,6.2
"473","484",GENERAL PICO,mayo,-35.65916220861,-63.7623377604595,"145","87532",12,18.7,6.6,76.5,9.8,3.8,32.8,4.7
"474","485",GENERAL PICO,jun,-35.65916220861,-63.7623377604595,"145","87532",8.8,15.2,3.6,78.2,9.5,4.2,17.4,3.8
"475","486",GENERAL PICO,jul,-35.65916220861,-63.7623377604595,"145","87532",8.1,14.8,2.6,75.1,10.7,3.9,22,4.2
"476","487",GENERAL PICO,ago,-35.65916220861,-63.7623377604595,"145","87532",10.4,17.7,4.1,67.2,14.1,3.5,24.9,3.4
"477","488",GENERAL PICO,sep,-35.65916220861,-63.7623377604595,"145","87532",13.1,20.2,6.5,65.2,14.4,3.7,55.2,5.9
"478","489",GENERAL PICO,oct,-35.65916220861,-63.7623377604595,"145","87532",16.7,23.6,10.2,65.1,15.6,3.7,87.2,8.9
"479","490",GENERAL PICO,nov,-35.65916220861,-63.7623377604595,"145","87532",20,27,13.2,60.1,15.5,3.4,99.8,8.4
"480","491",GENERAL PICO,dic,-35.65916220861,-63.7623377604595,"145","87532",22.8,29.7,15.8,59.7,13.6,3.3,124.4,8.9
"481","492",LABOULAYE,ene,-34.13023665,-63.3867157030396,"137","87534",23.1,30.3,16.7,70.3,10.2,3.4,120.7,9.9
"482","493",LABOULAYE,feb,-34.13023665,-63.3867157030396,"137","87534",21.9,29.3,15.6,72.9,8.6,3.2,105.7,8.1
"483","494",LABOULAYE,mar,-34.13023665,-63.3867157030396,"137","87534",19.9,27.1,14.2,77.1,9.2,3.4,138.8,9.4
"484","495",LABOULAYE,abril,-34.13023665,-63.3867157030396,"137","87534",15.8,23,10.4,77.6,8.1,3.6,83.4,7.5
"485","496",LABOULAYE,mayo,-34.13023665,-63.3867157030396,"137","87534",12.2,19.3,6.9,78.1,8,4.1,36,4.9
"486","497",LABOULAYE,jun,-34.13023665,-63.3867157030396,"137","87534",8.9,15.9,3.8,78.3,8,4.3,11.7,3.9
"487","498",LABOULAYE,jul,-34.13023665,-63.3867157030396,"137","87534",8.1,15.5,2.7,74.7,8.9,3.9,17.6,4.1
"488","499",LABOULAYE,ago,-34.13023665,-63.3867157030396,"137","87534",10.2,18.3,3.9,68.8,11.5,3.6,17.2,3.6
"489","500",LABOULAYE,sep,-34.13023665,-63.3867157030396,"137","87534",12.8,20.7,6.2,66.7,12.9,3.6,47.3,5.7
"490","501",LABOULAYE,oct,-34.13023665,-63.3867157030396,"137","87534",16.6,23.8,10.2,68.2,14.8,3.8,91,9.3
"491","502",LABOULAYE,nov,-34.13023665,-63.3867157030396,"137","87534",19.6,26.9,13.1,66.5,14.5,3.5,105,10.3
"492","503",LABOULAYE,dic,-34.13023665,-63.3867157030396,"137","87534",22.2,29.3,15.7,66.7,12.6,3.5,128.7,10.9
"493","504",PEHUAJO,ene,-35.8148293440116,-61.8911736720232,"87","87544",22.5,29.6,16.1,69.9,12,3.4,119.6,8.6
"494","505",PEHUAJO,feb,-35.8148293440116,-61.8911736720232,"87","87544",21.3,28.3,14.9,73.5,10.7,3.2,101.2,6.6
"495","506",PEHUAJO,mar,-35.8148293440116,-61.8911736720232,"87","87544",19.2,26.1,13.4,77.6,11.7,3.4,149.3,8.8
"496","507",PEHUAJO,abril,-35.8148293440116,-61.8911736720232,"87","87544",15.3,22,9.9,78.4,9.9,3.5,79.9,6.5
"497","508",PEHUAJO,mayo,-35.8148293440116,-61.8911736720232,"87","87544",11.8,17.9,6.7,80.3,9.2,4,49,5.3
"498","509",PEHUAJO,jun,-35.8148293440116,-61.8911736720232,"87","87544",8.6,14.4,3.9,82,9,4.3,25.8,4.5
"499","510",PEHUAJO,jul,-35.8148293440116,-61.8911736720232,"87","87544",8,14,3,79.8,10.3,4.1,24,4.5
"500","511",PEHUAJO,ago,-35.8148293440116,-61.8911736720232,"87","87544",9.9,16.7,4.2,74.2,12.8,3.8,28.8,4.1
"501","512",PEHUAJO,sep,-35.8148293440116,-61.8911736720232,"87","87544",12.3,18.8,6.3,72.6,14,3.8,63.6,5.9
"502","513",PEHUAJO,oct,-35.8148293440116,-61.8911736720232,"87","87544",15.6,22,9.9,73.1,15.5,3.9,116.1,9.2
"503","514",PEHUAJO,nov,-35.8148293440116,-61.8911736720232,"87","87544",18.6,25.3,12.5,70,15,3.6,104.3,8
"504","515",PEHUAJO,dic,-35.8148293440116,-61.8911736720232,"87","87544",21.4,28.3,14.9,67.9,14.4,3.4,107,8.8
"505","516",JUNIN,ene,-34.5934412,-60.9461678,"81","87548",23,29.8,16.6,69.6,11.6,3.4,132.3,8.2
"506","517",JUNIN,feb,-34.5934412,-60.9461678,"81","87548",21.7,28.4,15.8,74.4,9.9,3.3,118.8,7.8
"507","518",JUNIN,mar,-34.5934412,-60.9461678,"81","87548",19.7,26.6,14.2,77.2,10.6,3.3,133.2,9
"508","519",JUNIN,abril,-34.5934412,-60.9461678,"81","87548",15.8,22.6,10.4,77.8,9.7,3.5,109.1,7.6
"509","520",JUNIN,mayo,-34.5934412,-60.9461678,"81","87548",12.4,19,7.2,78.5,10.1,3.9,61.2,5.3
"510","521",JUNIN,jun,-34.5934412,-60.9461678,"81","87548",9.3,15.5,4.5,79.3,10.2,4.3,26.8,4.4
"511","522",JUNIN,jul,-34.5934412,-60.9461678,"81","87548",8.6,15,3.6,77.1,11.4,4,31.5,4.8
"512","523",JUNIN,ago,-34.5934412,-60.9461678,"81","87548",10.7,17.7,4.8,72.3,13.1,3.7,32.4,4.5
"513","524",JUNIN,sep,-34.5934412,-60.9461678,"81","87548",12.9,19.7,6.7,70.1,14.5,3.7,55.3,5.9
"514","525",JUNIN,oct,-34.5934412,-60.9461678,"81","87548",16.3,22.7,10.1,71.1,15.2,3.8,122.8,9.9
"515","526",JUNIN,nov,-34.5934412,-60.9461678,"81","87548",19.4,26,12.8,67.8,15.5,3.6,110.7,9.2
"516","527",JUNIN,dic,-34.5934412,-60.9461678,"81","87548",22,28.8,15.2,65.9,13.4,3.5,110,8.6
"517","528",NUEVE DE JULIO,ene,-35.4420485992079,-60.8752148816075,"76","87550",23.5,30.5,16.7,64.3,9.6,3.1,127.9,8.9
"518","529",NUEVE DE JULIO,feb,-35.4420485992079,-60.8752148816075,"76","87550",22.1,29.1,15.9,69.1,8.4,3.1,114.2,7.4
"519","530",NUEVE DE JULIO,mar,-35.4420485992079,-60.8752148816075,"76","87550",19.8,26.8,14.3,74.1,8.8,3.3,144.8,9.5
"520","531",NUEVE DE JULIO,abril,-35.4420485992079,-60.8752148816075,"76","87550",15.8,22.5,10.6,76,8.4,3.4,110.3,8.1
"521","532",NUEVE DE JULIO,mayo,-35.4420485992079,-60.8752148816075,"76","87550",12.2,18.7,7.5,78.3,8.8,3.8,60.8,6.5
"522","533",NUEVE DE JULIO,jun,-35.4420485992079,-60.8752148816075,"76","87550",9.2,15,4.8,78.9,8.2,4.2,38.4,5.9
"523","534",NUEVE DE JULIO,jul,-35.4420485992079,-60.8752148816075,"76","87550",8.7,14.5,4,77,9.4,4,38.3,6.6
"524","535",NUEVE DE JULIO,ago,-35.4420485992079,-60.8752148816075,"76","87550",10.7,17.2,5.3,70.4,10.7,3.6,35.2,5.1
"525","536",NUEVE DE JULIO,sep,-35.4420485992079,-60.8752148816075,"76","87550",13.1,19.4,7,68.2,10.9,3.6,61.7,6.5
"526","537",NUEVE DE JULIO,oct,-35.4420485992079,-60.8752148816075,"76","87550",16.2,22.6,10.3,69,11.7,3.6,113,10.3
"527","538",NUEVE DE JULIO,nov,-35.4420485992079,-60.8752148816075,"76","87550",19.5,26.1,12.9,65.1,11.3,3.5,108.8,9.7
"528","539",NUEVE DE JULIO,dic,-35.4420485992079,-60.8752148816075,"76","87550",22.2,29.1,15.3,63.4,10.3,3.2,106.9,9.5
"529","540",EZEIZA,ene,-34.8156063088644,-58.543858542296,"20","87576",23.9,30.2,17.7,66.3,13.3,3.6,101.7,7.6
"530","541",EZEIZA,feb,-34.8156063088644,-58.543858542296,"20","87576",22.7,28.5,16.9,71.6,12.5,3.6,113.1,7.6
"531","542",EZEIZA,mar,-34.8156063088644,-58.543858542296,"20","87576",20.8,26.7,15.3,75.3,11.2,3.6,114.4,8.3
"532","543",EZEIZA,abril,-34.8156063088644,-58.543858542296,"20","87576",16.7,22.5,11.4,78.6,10.5,3.8,93.2,8.3
"533","544",EZEIZA,mayo,-34.8156063088644,-58.543858542296,"20","87576",13.2,18.8,8.2,79.4,10.3,4.3,76.6,6.5
"534","545",EZEIZA,jun,-34.8156063088644,-58.543858542296,"20","87576",10.3,15.6,5.8,79.7,10.9,4.7,47.3,6.7
"535","546",EZEIZA,jul,-34.8156063088644,-58.543858542296,"20","87576",9.6,14.9,4.9,78.9,11.5,4.5,47.2,6.7
"536","547",EZEIZA,ago,-34.8156063088644,-58.543858542296,"20","87576",11.5,17.3,6.1,75.7,12.5,4.3,55.1,6.6
"537","548",EZEIZA,sep,-34.8156063088644,-58.543858542296,"20","87576",13.4,19,7.8,72.9,14.1,4.2,59.7,7
"538","549",EZEIZA,oct,-34.8156063088644,-58.543858542296,"20","87576",16.7,22.2,10.9,72,13.7,4.1,110.5,9.6
"539","550",EZEIZA,nov,-34.8156063088644,-58.543858542296,"20","87576",19.6,25.4,13.5,69.3,13.9,4,103,9.3
"540","551",EZEIZA,dic,-34.8156063088644,-58.543858542296,"20","87576",22.3,28.5,15.9,66.2,13.4,3.7,98,8.4
"541","552",AEROPARQUE,ene,-34.5614115162204,-58.4120644695567,"6","87582",24.5,28.4,20.8,67.8,17.2,3.1,117.4,8.3
"542","553",AEROPARQUE,feb,-34.5614115162204,-58.4120644695567,"6","87582",23.5,27.2,20,70.9,16.4,3.2,107.7,7.9
"543","554",AEROPARQUE,mar,-34.5614115162204,-58.4120644695567,"6","87582",22,25.5,18.6,72.3,15.5,3.2,127.6,8.3
"544","555",AEROPARQUE,abril,-34.5614115162204,-58.4120644695567,"6","87582",18.2,21.7,14.9,74.6,14.1,3.4,105.6,8.3
"545","556",AEROPARQUE,mayo,-34.5614115162204,-58.4120644695567,"6","87582",15,18.3,11.9,75.5,13.7,3.9,84.4,6.3
"546","557",AEROPARQUE,jun,-34.5614115162204,-58.4120644695567,"6","87582",12,15.1,9.1,77.5,13.4,4.3,48.7,6.3
"547","558",AEROPARQUE,jul,-34.5614115162204,-58.4120644695567,"6","87582",11.2,14.3,8.3,76.6,14.2,4.1,52.8,6.5
"548","559",AEROPARQUE,ago,-34.5614115162204,-58.4120644695567,"6","87582",12.7,16.3,9.6,74.8,15.3,3.9,56.3,6.1
"549","560",AEROPARQUE,sep,-34.5614115162204,-58.4120644695567,"6","87582",14.4,17.9,11.1,72.2,17.7,3.8,61.7,6.8
"550","561",AEROPARQUE,oct,-34.5614115162204,-58.4120644695567,"6","87582",17.7,21.2,14.1,70.5,17.7,3.7,110.4,9.4
"551","562",AEROPARQUE,nov,-34.5614115162204,-58.4120644695567,"6","87582",20.3,24.2,16.6,68.7,18.1,3.5,103.7,8.9
"552","563",AEROPARQUE,dic,-34.5614115162204,-58.4120644695567,"6","87582",22.9,27,19.1,66.6,17.4,3.3,105.2,8.2
"553","564",BUENOS AIRES,ene,-34.5898992172839,-58.483786205064,"25","87585",24.9,30.1,20.1,64.7,10,3.3,138.7,9
"554","565",BUENOS AIRES,feb,-34.5898992172839,-58.483786205064,"25","87585",23.6,28.7,19.2,69.7,9.5,3.3,127.2,8
"555","566",BUENOS AIRES,mar,-34.5898992172839,-58.483786205064,"25","87585",21.9,26.8,17.7,72.6,8.8,3.3,140.1,8.8
"556","567",BUENOS AIRES,abril,-34.5898992172839,-58.483786205064,"25","87585",17.9,22.9,13.8,76.3,7.7,3.5,118.9,9.1
"557","568",BUENOS AIRES,mayo,-34.5898992172839,-58.483786205064,"25","87585",14.6,19.3,10.7,77.5,7.9,4,92.3,7.1
"558","569",BUENOS AIRES,jun,-34.5898992172839,-58.483786205064,"25","87585",11.6,16,8.1,78.7,8.2,4.4,58.7,7.1
"559","570",BUENOS AIRES,jul,-34.5898992172839,-58.483786205064,"25","87585",11,15.3,7.4,77.4,8.6,4.1,60.5,7.2
"560","571",BUENOS AIRES,ago,-34.5898992172839,-58.483786205064,"25","87585",12.8,17.7,8.8,73.2,9.2,4,64.4,6.8
"561","572",BUENOS AIRES,sep,-34.5898992172839,-58.483786205064,"25","87585",14.6,19.3,10.3,70.1,10.2,3.9,72.2,7.4
"562","573",BUENOS AIRES,oct,-34.5898992172839,-58.483786205064,"25","87585",17.9,22.7,13.3,69.1,10.1,3.8,127.2,10.2
"563","574",BUENOS AIRES,nov,-34.5898992172839,-58.483786205064,"25","87585",20.6,25.6,15.9,66.7,10.2,3.7,117.5,9.8
"564","575",BUENOS AIRES,dic,-34.5898992172839,-58.483786205064,"25","87585",23.3,28.5,18.4,63.6,10.2,3.4,118.9,9.2
"565","576",LA PLATA,ene,-34.9071607347448,-57.9636856929888,"23","87593",22.8,28.9,17.5,73.6,13.6,3.2,108.8,8.1
"566","577",LA PLATA,feb,-34.9071607347448,-57.9636856929888,"23","87593",21.8,27.6,16.9,78.1,13.5,3.2,114.3,7.2
"567","578",LA PLATA,mar,-34.9071607347448,-57.9636856929888,"23","87593",20,25.7,15.4,80.6,12.3,3.2,124.5,8
"568","579",LA PLATA,abril,-34.9071607347448,-57.9636856929888,"23","87593",16.2,21.8,11.6,81.9,10.5,3.4,86.8,7.4
"569","580",LA PLATA,mayo,-34.9071607347448,-57.9636856929888,"23","87593",12.7,18,8.4,83.2,10.6,3.8,79.3,6
"570","581",LA PLATA,jun,-34.9071607347448,-57.9636856929888,"23","87593",9.9,14.7,5.9,84.2,10.6,4.2,52.6,6.2
"571","582",LA PLATA,jul,-34.9071607347448,-57.9636856929888,"23","87593",8.9,14,5.1,83.3,11.3,4.1,61.4,6.3
"572","583",LA PLATA,ago,-34.9071607347448,-57.9636856929888,"23","87593",10.7,16.3,6.3,81.1,12.6,3.9,61.3,6.4
"573","584",LA PLATA,sep,-34.9071607347448,-57.9636856929888,"23","87593",12.5,17.8,7.7,79.2,14.4,3.8,69.8,6.9
"574","585",LA PLATA,oct,-34.9071607347448,-57.9636856929888,"23","87593",15.7,21.1,10.7,79.1,13.8,3.8,110.6,8.8
"575","586",LA PLATA,nov,-34.9071607347448,-57.9636856929888,"23","87593",18.4,24.1,13.4,76.4,13.9,3.5,103.9,8.4
"576","587",LA PLATA,dic,-34.9071607347448,-57.9636856929888,"23","87593",21.1,27.3,15.8,72.9,14.2,3.3,95.2,7.6
"577","588",PUNTA INDIO,ene,-35.2624263631279,-57.2409717908435,"22","87596",22.8,28,18.3,76.7,18.8,3.7,84.1,6.2
"578","589",PUNTA INDIO,feb,-35.2624263631279,-57.2409717908435,"22","87596",22,26.8,17.6,79.7,17.9,3.6,112.6,7.3
"579","590",PUNTA INDIO,mar,-35.2624263631279,-57.2409717908435,"22","87596",20.4,25.2,16.2,81.5,16.2,3.5,109.2,7.4
"580","591",PUNTA INDIO,abril,-35.2624263631279,-57.2409717908435,"22","87596",16.5,21.4,12.3,83.7,14,3.6,95.2,7.3
"581","592",PUNTA INDIO,mayo,-35.2624263631279,-57.2409717908435,"22","87596",12.9,17.9,9,85.2,14.3,4.1,68.5,6
"582","593",PUNTA INDIO,jun,-35.2624263631279,-57.2409717908435,"22","87596",10,14.6,6.2,86.2,13.8,4.4,64.7,5.3
"583","594",PUNTA INDIO,jul,-35.2624263631279,-57.2409717908435,"22","87596",9,13.8,5.4,86,14.4,4.3,64.7,6.4
"584","595",PUNTA INDIO,ago,-35.2624263631279,-57.2409717908435,"22","87596",10.7,15.7,6.7,84.4,16.3,4.2,71.1,6.5
"585","596",PUNTA INDIO,sep,-35.2624263631279,-57.2409717908435,"22","87596",12.5,17.2,8.2,82.1,18.5,4.1,73.3,6.3
"586","597",PUNTA INDIO,oct,-35.2624263631279,-57.2409717908435,"22","87596",15.7,20.6,11.3,80.9,18.1,4.1,100.2,8.4
"587","598",PUNTA INDIO,nov,-35.2624263631279,-57.2409717908435,"22","87596",18.5,23.3,14,78.9,18.3,4,107.9,7.4
"588","599",PUNTA INDIO,dic,-35.2624263631279,-57.2409717908435,"22","87596",21.2,26.3,16.7,76.1,19.2,3.8,78.7,6.6
"589","600",SANTA ROSA,ene,-36.6233960299238,-64.291277868761,"191","87623",23.6,31,16.4,58.6,,3.4,94.6,9.1
"590","601",SANTA ROSA,ene,-36.6233960299238,-64.291277868761,"620","87444",23.6,31,16.4,58.6,,3.4,94.6,9.1
"591","602",SANTA ROSA,feb,-36.6233960299238,-64.291277868761,"191","87623",22.1,29.8,15.1,62.6,,3.1,81,6.8
"592","603",SANTA ROSA,feb,-36.6233960299238,-64.291277868761,"620","87444",22.1,29.8,15.1,62.6,,3.1,81,6.8
"593","604",SANTA ROSA,mar,-36.6233960299238,-64.291277868761,"191","87623",19.5,26.9,13.4,69.6,,3.4,102.3,8
"594","605",SANTA ROSA,mar,-36.6233960299238,-64.291277868761,"620","87444",19.5,26.9,13.4,69.6,,3.4,102.3,8
"595","606",SANTA ROSA,abril,-36.6233960299238,-64.291277868761,"191","87623",14.9,22.4,9.2,72.1,,3.6,58,6
"596","607",SANTA ROSA,abril,-36.6233960299238,-64.291277868761,"620","87444",14.9,22.4,9.2,72.1,,3.6,58,6
"597","608",SANTA ROSA,mayo,-36.6233960299238,-64.291277868761,"191","87623",11,18,5.7,75.4,,4.2,32.9,5.1
"598","609",SANTA ROSA,mayo,-36.6233960299238,-64.291277868761,"620","87444",11,18,5.7,75.4,,4.2,32.9,5.1
"599","610",SANTA ROSA,jun,-36.6233960299238,-64.291277868761,"191","87623",7.9,14.7,3,75.9,,4.6,15.5,4.3
"600","611",SANTA ROSA,jun,-36.6233960299238,-64.291277868761,"620","87444",7.9,14.7,3,75.9,,4.6,15.5,4.3
"601","612",SANTA ROSA,jul,-36.6233960299238,-64.291277868761,"191","87623",7.2,14.2,2,72.7,,4.3,21.5,4.3
"602","613",SANTA ROSA,jul,-36.6233960299238,-64.291277868761,"620","87444",7.2,14.2,2,72.7,,4.3,21.5,4.3
"603","614",SANTA ROSA,ago,-36.6233960299238,-64.291277868761,"191","87623",9.5,17.2,3.4,64.8,,4,28.1,3.7
"604","615",SANTA ROSA,ago,-36.6233960299238,-64.291277868761,"620","87444",9.5,17.2,3.4,64.8,,4,28.1,3.7
"605","616",SANTA ROSA,sep,-36.6233960299238,-64.291277868761,"191","87623",12.1,19.7,5.7,63,,4,50.9,5.7
"606","617",SANTA ROSA,sep,-36.6233960299238,-64.291277868761,"620","87444",12.1,19.7,5.7,63,,4,50.9,5.7
"607","618",SANTA ROSA,oct,-36.6233960299238,-64.291277868761,"191","87623",15.9,23.1,9.2,62.1,,3.9,74.7,8.5
"608","619",SANTA ROSA,oct,-36.6233960299238,-64.291277868761,"620","87444",15.9,23.1,9.2,62.1,,3.9,74.7,8.5
"609","620",SANTA ROSA,nov,-36.6233960299238,-64.291277868761,"191","87623",19.4,26.7,12.2,57.6,,3.6,81.7,7.8
"610","621",SANTA ROSA,nov,-36.6233960299238,-64.291277868761,"620","87444",19.4,26.7,12.2,57.6,,3.6,81.7,7.8
"611","622",SANTA ROSA,dic,-36.6233960299238,-64.291277868761,"191","87623",22.5,29.8,15.1,55.4,,3.4,104.3,8.4
"612","623",SANTA ROSA,dic,-36.6233960299238,-64.291277868761,"620","87444",22.5,29.8,15.1,55.4,,3.4,104.3,8.4
"613","624",CORONEL SUAREZ,ene,-37.4513236876172,-61.9302237676496,"233","87637",21,28.7,13.8,64.7,,3.9,112.3,9.2
"614","625",CORONEL SUAREZ,feb,-37.4513236876172,-61.9302237676496,"233","87637",19.8,27.4,12.7,69.4,,3.5,80.4,6.6
"615","626",CORONEL SUAREZ,mar,-37.4513236876172,-61.9302237676496,"233","87637",17.5,24.8,11.1,74.4,,3.7,95.9,8.9
"616","627",CORONEL SUAREZ,abril,-37.4513236876172,-61.9302237676496,"233","87637",13.3,20.4,7,76.7,,3.7,70.9,7.2
"617","628",CORONEL SUAREZ,mayo,-37.4513236876172,-61.9302237676496,"233","87637",9.5,16.1,3.8,79.7,,4.2,47.4,6.1
"618","629",CORONEL SUAREZ,jun,-37.4513236876172,-61.9302237676496,"233","87637",6.6,12.7,1.3,81.1,,4.6,22.1,5
"619","630",CORONEL SUAREZ,jul,-37.4513236876172,-61.9302237676496,"233","87637",5.9,12.3,0.4,79.1,,4.3,28.5,5.3
"620","631",CORONEL SUAREZ,ago,-37.4513236876172,-61.9302237676496,"233","87637",7.9,14.9,1.4,72.8,,4.2,32.4,5
"621","632",CORONEL SUAREZ,sep,-37.4513236876172,-61.9302237676496,"233","87637",10.3,17.1,3.4,71.3,,4.1,58.1,6.8
"622","633",CORONEL SUAREZ,oct,-37.4513236876172,-61.9302237676496,"233","87637",13.5,20.3,6.6,71.7,,4.1,99.7,9.7
"623","634",CORONEL SUAREZ,nov,-37.4513236876172,-61.9302237676496,"233","87637",16.6,23.9,9.3,66.9,,3.9,74.3,8.8
"624","635",CORONEL SUAREZ,dic,-37.4513236876172,-61.9302237676496,"233","87637",20,27.4,12,62.1,,3.9,84.1,8.9
"625","636",TANDIL,ene,-37.3185861776937,-59.1199294908021,"175","87645",20.8,28.1,13.6,68.3,13.8,3.5,108.5,8.7
"626","637",TANDIL,feb,-37.3185861776937,-59.1199294908021,"175","87645",19.7,26.8,13,73,12.7,3.4,90.2,6.9
"627","638",TANDIL,mar,-37.3185861776937,-59.1199294908021,"175","87645",17.6,24.3,11.5,76.9,12,3.6,98.8,8.3
"628","639",TANDIL,abril,-37.3185861776937,-59.1199294908021,"175","87645",13.5,20.3,7.6,78.1,11.1,3.6,71.3,6.7
"629","640",TANDIL,mayo,-37.3185861776937,-59.1199294908021,"175","87645",10,16.4,4.8,80.7,11.4,4.1,59.7,5.9
"630","641",TANDIL,jun,-37.3185861776937,-59.1199294908021,"175","87645",7.2,13,2.3,81,12.1,4.5,37.2,5.5
"631","642",TANDIL,jul,-37.3185861776937,-59.1199294908021,"175","87645",6.3,12.4,1.4,80.7,12.5,4.4,37.6,6.1
"632","643",TANDIL,ago,-37.3185861776937,-59.1199294908021,"175","87645",8.1,14.7,2.6,76.2,14,4.2,45.2,5.5
"633","644",TANDIL,sep,-37.3185861776937,-59.1199294908021,"175","87645",10.1,16.6,4.1,74.6,15.4,4.2,58.6,6.8
"634","645",TANDIL,oct,-37.3185861776937,-59.1199294908021,"175","87645",13.5,19.8,7.2,73.5,15.5,4.1,97.7,9.2
"635","646",TANDIL,nov,-37.3185861776937,-59.1199294908021,"175","87645",16.4,23,9.7,70.7,14.9,3.9,94.6,8.5
"636","647",TANDIL,dic,-37.3185861776937,-59.1199294908021,"175","87645",19.3,26.4,11.9,66.5,14.4,3.5,79.2,7.4
"637","648",DOLORES,ene,-36.3091904285598,-57.6754041046877,"9","87648",21.8,28.6,,73.5,10,3.6,108.4,8.3
"638","649",DOLORES,feb,-36.3091904285598,-57.6754041046877,"9","87648",20.8,27.4,14.7,77.2,8.4,3.3,99.8,8.1
"639","650",DOLORES,mar,-36.3091904285598,-57.6754041046877,"9","87648",19,25.6,13.3,79.8,7.6,3.4,90.4,8.4
"640","651",DOLORES,abril,-36.3091904285598,-57.6754041046877,"9","87648",15.1,21.6,,81.5,7.9,3.5,97.4,7.9
"641","652",DOLORES,mayo,-36.3091904285598,-57.6754041046877,"9","87648",11.6,17.9,,83.4,7.7,3.9,58.7,7.2
"642","653",DOLORES,jun,-36.3091904285598,-57.6754041046877,"9","87648",8.7,14.3,,84.9,8.2,4.3,59.9,7.4
"643","654",DOLORES,jul,-36.3091904285598,-57.6754041046877,"9","87648",7.8,13.6,,84,9.9,4.2,59.6,7.2
"644","655",DOLORES,ago,-36.3091904285598,-57.6754041046877,"9","87648",9.8,15.9,,81.3,10.2,4,59,6.7
"645","656",DOLORES,sep,-36.3091904285598,-57.6754041046877,"9","87648",11.7,17.5,,79.7,11.2,4,,
"646","657",DOLORES,oct,-36.3091904285598,-57.6754041046877,"9","87648",14.9,21,,77.6,11.4,4,102.1,9.7
"647","658",DOLORES,nov,-36.3091904285598,-57.6754041046877,"9","87648",17.6,23.8,,75.3,12,3.8,108.7,9.4
"648","659",DOLORES,dic,-36.3091904285598,-57.6754041046877,"9","87648",20.3,27,,72,10.8,3.6,83.9,8.3
"649","660",PIGUE,ene,-37.6116669899322,-62.4037882151362,"304","87679",21.1,28.8,14.3,61,11.9,3.8,,
"650","661",PIGUE,feb,-37.6116669899322,-62.4037882151362,"304","87679",20,27.4,13.3,65.6,10.8,3.6,101.6,7.4
"651","662",PIGUE,mar,-37.6116669899322,-62.4037882151362,"304","87679",17.6,24.5,11.7,70.9,10.2,3.8,92.8,8.4
"652","663",PIGUE,abril,-37.6116669899322,-62.4037882151362,"304","87679",13.4,19.8,7.7,73.8,9.1,3.9,,
"653","664",PIGUE,mayo,-37.6116669899322,-62.4037882151362,"304","87679",9.7,15.6,4.6,77.3,8.8,4.5,,
"654","665",PIGUE,jun,-37.6116669899322,-62.4037882151362,"304","87679",6.8,12.2,2.1,78.7,9.4,5,22.5,6.3
"655","666",PIGUE,jul,-37.6116669899322,-62.4037882151362,"304","87679",6.1,11.6,1.2,76.5,10.9,4.6,26.2,6.5
"656","667",PIGUE,ago,-37.6116669899322,-62.4037882151362,"304","87679",8.2,14.4,2.5,69.2,12,4.5,34.8,5.9
"657","668",PIGUE,sep,-37.6116669899322,-62.4037882151362,"304","87679",10.2,16.7,4.1,69,12.8,4.3,63.2,7.2
"658","669",PIGUE,oct,-37.6116669899322,-62.4037882151362,"304","87679",13.5,20,7.3,68,12.4,4.2,95.5,9.7
"659","670",PIGUE,nov,-37.6116669899322,-62.4037882151362,"304","87679",16.7,23.7,9.9,63.8,12.9,4.1,87.1,8.9
"660","671",PIGUE,dic,-37.6116669899322,-62.4037882151362,"304","87679",20.1,27.5,12.8,58.5,12.5,3.9,88.3,8.9
"661","672",TRES ARROYOS,ene,-38.3690419538468,-60.2773628398475,"115","87688",21.5,29.3,15.1,60,14.9,3.7,85.1,9.2
"662","673",TRES ARROYOS,feb,-38.3690419538468,-60.2773628398475,"115","87688",20.4,27.7,14.5,66.5,13.4,3.6,99.5,8.2
"663","674",TRES ARROYOS,mar,-38.3690419538468,-60.2773628398475,"115","87688",18.1,25.1,12.9,70.6,12.7,3.8,83.5,9.5
"664","675",TRES ARROYOS,abril,-38.3690419538468,-60.2773628398475,"115","87688",14.1,20.6,9.2,73,12.9,3.9,74.5,9.3
"665","676",TRES ARROYOS,mayo,-38.3690419538468,-60.2773628398475,"115","87688",10.6,16.4,6.3,76.7,12.1,4.6,59.3,8.3
"666","677",TRES ARROYOS,jun,-38.3690419538468,-60.2773628398475,"115","87688",7.8,13.1,3.8,77,13,4.9,34.5,7.3
"667","678",TRES ARROYOS,jul,-38.3690419538468,-60.2773628398475,"115","87688",7.1,12.5,3,76.1,13.1,4.8,43.2,9
"668","679",TRES ARROYOS,ago,-38.3690419538468,-60.2773628398475,"115","87688",8.8,14.9,4,70.6,13.7,4.6,42.3,7.7
"669","680",TRES ARROYOS,sep,-38.3690419538468,-60.2773628398475,"115","87688",10.6,17,5.4,70.1,13.8,4.6,63.1,8.8
"670","681",TRES ARROYOS,oct,-38.3690419538468,-60.2773628398475,"115","87688",13.8,20.2,8.2,68.9,15.1,4.3,82.5,10.8
"671","682",TRES ARROYOS,nov,-38.3690419538468,-60.2773628398475,"115","87688",16.9,23.8,10.8,64.3,15.4,4.1,88.3,9.5
"672","683",TRES ARROYOS,dic,-38.3690419538468,-60.2773628398475,"115","87688",20,27.4,13.3,59.3,16.4,3.7,80,9.1
"673","684",MAR DEL PLATA,ene,-37.9749313248774,-57.5573103806241,"21","87692",20.4,26.5,14.6,74.4,16,3.7,94.9,8.3
"674","685",MAR DEL PLATA,feb,-37.9749313248774,-57.5573103806241,"21","87692",19.8,25.6,14.3,76.9,14.8,3.7,93.9,7.9
"675","686",MAR DEL PLATA,mar,-37.9749313248774,-57.5573103806241,"21","87692",18.2,23.9,13,79.3,13.7,3.8,95.7,9
"676","687",MAR DEL PLATA,abril,-37.9749313248774,-57.5573103806241,"21","87692",14.5,20.4,9.2,80.5,12.3,4,85.5,9.1
"677","688",MAR DEL PLATA,mayo,-37.9749313248774,-57.5573103806241,"21","87692",11.2,16.8,6.3,82.4,12.2,4.3,66.4,8.6
"678","689",MAR DEL PLATA,jun,-37.9749313248774,-57.5573103806241,"21","87692",8.4,13.6,3.8,82.7,12.8,4.7,57.4,8.5
"679","690",MAR DEL PLATA,jul,-37.9749313248774,-57.5573103806241,"21","87692",7.5,12.7,3.1,82.5,12.6,4.6,55.7,8.8
"680","691",MAR DEL PLATA,ago,-37.9749313248774,-57.5573103806241,"21","87692",8.8,14.5,4.1,80.8,13.6,4.5,55.9,7.9
"681","692",MAR DEL PLATA,sep,-37.9749313248774,-57.5573103806241,"21","87692",10.4,15.9,5.3,79.6,14,4.5,57.3,7.9
"682","693",MAR DEL PLATA,oct,-37.9749313248774,-57.5573103806241,"21","87692",13.3,18.9,7.8,78.4,15.4,4.2,89.3,9.8
"683","694",MAR DEL PLATA,nov,-37.9749313248774,-57.5573103806241,"21","87692",15.9,21.7,10.2,76.5,15.8,4.1,81.3,9.6
"684","695",MAR DEL PLATA,dic,-37.9749313248774,-57.5573103806241,"21","87692",18.5,24.5,12.6,74.6,16.2,3.8,92.8,8.8
"685","696",NEUQUEN,ene,-38.9680835468389,-68.0634268644578,"271","87715",23.7,31.9,15.5,,12.8,2.6,12.9,2.7
"686","697",NEUQUEN,feb,-38.9680835468389,-68.0634268644578,"271","87715",22.3,30.6,14.2,44,11.3,2.6,11.9,2.6
"687","698",NEUQUEN,mar,-38.9680835468389,-68.0634268644578,"271","87715",18.9,27,11.6,53.4,9.9,3.1,23.6,3.5
"688","699",NEUQUEN,abril,-38.9680835468389,-68.0634268644578,"271","87715",13.4,21.6,6.8,62.2,8.8,3.5,15.3,4.9
"689","700",NEUQUEN,mayo,-38.9680835468389,-68.0634268644578,"271","87715",9.2,16.5,3.5,67.7,8.3,4.3,21.1,5.5
"690","701",NEUQUEN,jun,-38.9680835468389,-68.0634268644578,"271","87715",6.6,12.9,1.5,71.7,9.3,4.8,23.5,7.1
"691","702",NEUQUEN,jul,-38.9680835468389,-68.0634268644578,"271","87715",5.8,12.9,0.2,68.5,9.5,4.4,15.9,4.9
"692","703",NEUQUEN,ago,-38.9680835468389,-68.0634268644578,"271","87715",8.1,15.9,1.6,58.7,9.7,4.3,11.4,3.9
"693","704",NEUQUEN,sep,-38.9680835468389,-68.0634268644578,"271","87715",11.4,18.9,4.4,51.1,10.3,4,19.3,4.6
"694","705",NEUQUEN,oct,-38.9680835468389,-68.0634268644578,"271","87715",15.6,23.2,8.2,44.3,12.8,3.8,20.3,4.1
"695","706",NEUQUEN,nov,-38.9680835468389,-68.0634268644578,"271","87715",19.4,27.1,11.6,,13.9,3.4,14.5,2.9
"696","707",NEUQUEN,dic,-38.9680835468389,-68.0634268644578,"271","87715",22.4,30.2,14.5,,13.8,3.1,11.2,3
"697","708",BAHIA BLANCA,ene,-38.7053978195367,-62.2807311911033,"83","87750",23.6,31.1,16.3,54.1,,3.3,67.1,7.6
"698","709",BAHIA BLANCA,feb,-38.7053978195367,-62.2807311911033,"83","87750",22.1,29.6,15.2,60.5,,3,67.1,6.4
"699","710",BAHIA BLANCA,mar,-38.7053978195367,-62.2807311911033,"83","87750",19.4,26.6,13.4,66.5,,3.3,75.2,8.1
"700","711",BAHIA BLANCA,abril,-38.7053978195367,-62.2807311911033,"83","87750",14.9,21.8,9.2,70.5,,3.5,54.5,7
"701","712",BAHIA BLANCA,mayo,-38.7053978195367,-62.2807311911033,"83","87750",11.1,17.5,6,74.5,,4,41.2,5.5
"702","713",BAHIA BLANCA,jun,-38.7053978195367,-62.2807311911033,"83","87750",8.1,14.1,3.3,75.1,,4.3,31.5,5.9
"703","714",BAHIA BLANCA,jul,-38.7053978195367,-62.2807311911033,"83","87750",7.5,13.7,2.4,73.8,,4.1,31.1,5.9
"704","715",BAHIA BLANCA,ago,-38.7053978195367,-62.2807311911033,"83","87750",9.4,16.3,3.9,68.9,,4.1,34.5,5.1
"705","716",BAHIA BLANCA,sep,-38.7053978195367,-62.2807311911033,"83","87750",11.6,18.5,5.6,67.2,,4,51.6,6.7
"706","717",BAHIA BLANCA,oct,-38.7053978195367,-62.2807311911033,"83","87750",15.1,22.2,8.5,64.8,,3.9,73.3,8.9
"707","718",BAHIA BLANCA,nov,-38.7053978195367,-62.2807311911033,"83","87750",18.7,25.9,11.4,58.5,,3.6,56.8,7
"708","719",BAHIA BLANCA,dic,-38.7053978195367,-62.2807311911033,"83","87750",22,29.3,14.4,53.3,,3.4,67.3,7
"709","720",BARILOCHE,ene,-41.1389735268115,-71.3027799651001,"835","87765",15,22.6,6.6,54.1,22.9,2.9,20,3.7
"710","721",BARILOCHE,feb,-41.1389735268115,-71.3027799651001,"835","87765",14.8,23,6.3,54.8,19.8,2.7,15.3,3.4
"711","722",BARILOCHE,mar,-41.1389735268115,-71.3027799651001,"835","87765",11.9,19.7,4.7,62.4,18.3,3.4,35.2,6.7
"712","723",BARILOCHE,abril,-41.1389735268115,-71.3027799651001,"835","87765",7.9,14.6,2.3,69.8,19.1,4,58.9,8.2
"713","724",BARILOCHE,mayo,-41.1389735268115,-71.3027799651001,"835","87765",4.9,10.2,0.6,76.4,15.9,4.9,130.1,13.6
"714","725",BARILOCHE,jun,-41.1389735268115,-71.3027799651001,"835","87765",2.9,6.9,-0.6,80.2,17.9,,170.1,
"715","726",BARILOCHE,jul,-41.1389735268115,-71.3027799651001,"835","87765",2.1,6.7,-1.6,78.9,16.6,5,122.1,14
"716","727",BARILOCHE,ago,-41.1389735268115,-71.3027799651001,"835","87765",3,8.3,-1.1,75.9,16.8,4.8,101.4,13
"717","728",BARILOCHE,sep,-41.1389735268115,-71.3027799651001,"835","87765",5.1,11.5,-0.2,68.2,17.1,4.2,56.5,9.1
"718","729",BARILOCHE,oct,-41.1389735268115,-71.3027799651001,"835","87765",8,14.8,1.8,62.5,23.4,4,49.4,8.3
"719","730",BARILOCHE,nov,-41.1389735268115,-71.3027799651001,"835","87765",10.8,17.9,3.7,57.7,,3.6,29.3,5.4
"720","731",BARILOCHE,dic,-41.1389735268115,-71.3027799651001,"835","87765",13.5,20.5,5.9,54.9,,3.3,23.4,4.6
"721","732",MAQUINCHAO,ene,-41.2470996319284,-68.7017646671246,"888","87774",18,26.4,9.3,42.8,11.6,2.8,,
"722","733",MAQUINCHAO,feb,-41.2470996319284,-68.7017646671246,"888","87774",17.5,25.7,9.1,46.9,9.1,2.7,,
"723","734",MAQUINCHAO,mar,-41.2470996319284,-68.7017646671246,"888","87774",14.1,21.9,6.6,52.7,8.4,3.3,26.2,3.2
"724","735",MAQUINCHAO,abril,-41.2470996319284,-68.7017646671246,"888","87774",8.9,16.3,2.3,59.6,8,3.5,20.7,3.6
"725","736",MAQUINCHAO,mayo,-41.2470996319284,-68.7017646671246,"888","87774",4.4,10.9,-0.6,67.1,6.1,4,23.3,5.1
"726","737",MAQUINCHAO,jun,-41.2470996319284,-68.7017646671246,"888","87774",1.4,6.6,-2.9,72,7.5,4.4,28.1,6.9
"727","738",MAQUINCHAO,jul,-41.2470996319284,-68.7017646671246,"888","87774",0.5,6.2,-4.6,69.5,6.9,3.9,,
"728","739",MAQUINCHAO,ago,-41.2470996319284,-68.7017646671246,"888","87774",2.7,9.2,-3.1,64.5,8.3,3.9,11.5,3.4
"729","740",MAQUINCHAO,sep,-41.2470996319284,-68.7017646671246,"888","87774",5.7,12.9,-1.1,58.1,8.3,3.7,14.9,3.5
"730","741",MAQUINCHAO,oct,-41.2470996319284,-68.7017646671246,"888","87774",9.8,16.9,2.3,52.3,12.6,3.7,18.6,3.2
"731","742",MAQUINCHAO,nov,-41.2470996319284,-68.7017646671246,"888","87774",13.5,20.9,5.4,47.6,13.7,3.5,,
"732","743",MAQUINCHAO,dic,-41.2470996319284,-68.7017646671246,"888","87774",16.6,24.2,7.9,44.8,12.7,3.2,,
"733","744",VIEDMA,ene,-40.8096055352916,-62.9971087140019,"7","87791",22.1,29.4,14.7,50.2,,2.9,31.4,5.2
"734","745",VIEDMA,feb,-40.8096055352916,-62.9971087140019,"7","87791",20.8,28.3,14.1,56.1,,2.8,43,5.6
"735","746",VIEDMA,mar,-40.8096055352916,-62.9971087140019,"7","87791",18.3,25.3,12,62.8,,3.1,54.1,6
"736","747",VIEDMA,abril,-40.8096055352916,-62.9971087140019,"7","87791",13.8,20.9,7.8,67.3,,3.3,41.8,6.4
"737","748",VIEDMA,mayo,-40.8096055352916,-62.9971087140019,"7","87791",9.9,16.3,4.7,73.4,,3.9,28.8,7.1
"738","749",VIEDMA,jun,-40.8096055352916,-62.9971087140019,"7","87791",7.2,13.1,2.4,75,,4.2,25.6,8
"739","750",VIEDMA,jul,-40.8096055352916,-62.9971087140019,"7","87791",6.6,12.8,1.5,72.1,,4,26,7.2
"740","751",VIEDMA,ago,-40.8096055352916,-62.9971087140019,"7","87791",8.2,15.1,2.3,66.9,,3.9,22.3,5.8
"741","752",VIEDMA,sep,-40.8096055352916,-62.9971087140019,"7","87791",10.5,17.5,4,64,,3.8,25.2,5.5
"742","753",VIEDMA,oct,-40.8096055352916,-62.9971087140019,"7","87791",14.3,21.4,7.1,57.8,,3.6,30.3,6.1
"743","754",VIEDMA,nov,-40.8096055352916,-62.9971087140019,"7","87791",17.7,25,10.1,51,,3.4,23.6,5.1
"744","755",VIEDMA,dic,-40.8096055352916,-62.9971087140019,"7","87791",20.6,27.9,12.9,48.2,,3.1,21.3,5
"745","756",ESQUEL,ene,-42.909517988597,-71.3160701236957,"797","87803",15.1,21.7,8.2,48,23.4,3.3,18.8,3.8
"746","757",ESQUEL,feb,-42.909517988597,-71.3160701236957,"797","87803",15,22.2,7.7,50.1,20,3,18.4,3.7
"747","758",ESQUEL,mar,-42.909517988597,-71.3160701236957,"797","87803",12.3,19.1,5.5,56.5,17.2,3.5,24.5,5.6
"748","759",ESQUEL,abril,-42.909517988597,-71.3160701236957,"797","87803",8.2,14.4,2.7,63.5,17.4,3.8,43.1,7
"749","760",ESQUEL,mayo,-42.909517988597,-71.3160701236957,"797","87803",4.9,10.1,0.5,72.2,14.5,4.4,65,9.7
"750","761",ESQUEL,jun,-42.909517988597,-71.3160701236957,"797","87803",2.4,6.7,-1.8,76.6,15.4,4.7,79.4,11
"751","762",ESQUEL,jul,-42.909517988597,-71.3160701236957,"797","87803",1.5,6.1,-2.8,75.5,14.6,4.5,60.2,9.4
"752","763",ESQUEL,ago,-42.909517988597,-71.3160701236957,"797","87803",3.2,8.5,-1.4,70.9,14.7,4.3,47,9.6
"753","764",ESQUEL,sep,-42.909517988597,-71.3160701236957,"797","87803",5.5,11.8,0,62.9,15.8,4.1,35.7,7.3
"754","765",ESQUEL,oct,-42.909517988597,-71.3160701236957,"797","87803",8.4,14.7,2.3,55.2,20.6,3.9,28.3,6.1
"755","766",ESQUEL,nov,-42.909517988597,-71.3160701236957,"797","87803",11.2,17.6,4.7,50,23.5,3.7,20.8,4.4
"756","767",ESQUEL,dic,-42.909517988597,-71.3160701236957,"797","87803",13.6,19.9,7,48.1,23.8,3.6,20.8,4.1
"757","768",TRELEW,ene,-43.2540776558892,-65.308262134377,"43","87828",21.5,29.2,13.6,41.7,,3.6,13.6,3.8
"758","769",TRELEW,feb,-43.2540776558892,-65.308262134377,"43","87828",20.3,28.1,12.6,49,23,3.5,18.9,4.1
"759","770",TRELEW,mar,-43.2540776558892,-65.308262134377,"43","87828",17.6,25,10.5,53.6,20.2,3.7,23.3,5.4
"760","771",TRELEW,abril,-43.2540776558892,-65.308262134377,"43","87828",13.3,20.7,6.7,57,19.1,3.8,24.8,4.6
"761","772",TRELEW,mayo,-43.2540776558892,-65.308262134377,"43","87828",9.2,15.7,3.4,65.7,16.6,4.3,26.3,7.1
"762","773",TRELEW,jun,-43.2540776558892,-65.308262134377,"43","87828",6.2,12.2,0.8,69.6,17.7,4.3,22.2,8
"763","774",TRELEW,jul,-43.2540776558892,-65.308262134377,"43","87828",5.8,12.3,0.2,66.9,17.9,4.2,17.8,6
"764","775",TRELEW,ago,-43.2540776558892,-65.308262134377,"43","87828",7.7,14.8,1.4,61.2,18.4,4.2,13.9,6.3
"765","776",TRELEW,sep,-43.2540776558892,-65.308262134377,"43","87828",10.4,17.5,3.6,56.6,18.3,4.2,14.6,6.1
"766","777",TRELEW,oct,-43.2540776558892,-65.308262134377,"43","87828",14.1,21.2,6.5,49.6,22.5,4.2,19.2,6
"767","778",TRELEW,nov,-43.2540776558892,-65.308262134377,"43","87828",17.4,24.9,9.5,44.1,23.7,3.9,13.7,4.7
"768","779",TRELEW,dic,-43.2540776558892,-65.308262134377,"43","87828",20,27.5,11.9,41.7,23.9,3.9,13.9,3.9
"769","780",COMODORO RIVADAVIA,ene,-45.8638710215791,-67.4927704250092,"46","87860",19.7,26.1,13.6,,,4.3,11.6,2.9
"770","781",COMODORO RIVADAVIA,feb,-45.8638710215791,-67.4927704250092,"46","87860",18.8,25,12.9,42.7,21.2,4.1,14.4,3.5
"771","782",COMODORO RIVADAVIA,mar,-45.8638710215791,-67.4927704250092,"46","87860",16.3,22.4,10.9,47.2,20.7,4.1,18.2,4.7
"772","783",COMODORO RIVADAVIA,abril,-45.8638710215791,-67.4927704250092,"46","87860",13.1,18.6,8.3,49.4,22.8,4.2,25.4,5
"773","784",COMODORO RIVADAVIA,mayo,-45.8638710215791,-67.4927704250092,"46","87860",9.6,14.2,5.5,57.3,19.4,4.5,37.4,6.9
"774","785",COMODORO RIVADAVIA,jun,-45.8638710215791,-67.4927704250092,"46","87860",6.9,10.9,3.1,60.1,22.4,4.5,35.9,6.7
"775","786",COMODORO RIVADAVIA,jul,-45.8638710215791,-67.4927704250092,"46","87860",6.6,10.8,2.7,57.2,19.5,4.5,23.4,5.8
"776","787",COMODORO RIVADAVIA,ago,-45.8638710215791,-67.4927704250092,"46","87860",7.9,12.8,3.6,54.2,19.2,4.4,20.1,6.1
"777","788",COMODORO RIVADAVIA,sep,-45.8638710215791,-67.4927704250092,"46","87860",10.1,15.4,5.1,51.5,19.5,4.5,20.1,6.3
"778","789",COMODORO RIVADAVIA,oct,-45.8638710215791,-67.4927704250092,"46","87860",13,18.8,7.5,45.9,23.3,4.6,16.4,5.4
"779","790",COMODORO RIVADAVIA,nov,-45.8638710215791,-67.4927704250092,"46","87860",15.9,22.1,10,,,4.5,14.5,4.6
"780","791",COMODORO RIVADAVIA,dic,-45.8638710215791,-67.4927704250092,"46","87860",18.2,24.5,12.1,,,4.5,10.1,3.9
"781","792",SAN JULIAN,ene,-49.3068424779879,-67.7300243673447,"62","87909",16.3,23.1,9.7,50.9,,4.6,14.3,6.4
"782","793",SAN JULIAN,feb,-49.3068424779879,-67.7300243673447,"62","87909",15.6,22.2,9.2,55.3,,4.3,22.5,6.3
"783","794",SAN JULIAN,mar,-49.3068424779879,-67.7300243673447,"62","87909",13.2,19.7,7.4,58,,4,23.4,6.7
"784","795",SAN JULIAN,abril,-49.3068424779879,-67.7300243673447,"62","87909",9.8,15.7,4.9,62.5,,4,19.1,7.4
"785","796",SAN JULIAN,mayo,-49.3068424779879,-67.7300243673447,"62","87909",6.2,10.7,2,69.9,,3.9,31.1,8.6
"786","797",SAN JULIAN,jun,-49.3068424779879,-67.7300243673447,"62","87909",3.4,7.1,-0.1,74.4,,3.9,33.7,8.4
"787","798",SAN JULIAN,jul,-49.3068424779879,-67.7300243673447,"62","87909",3.2,7.3,-0.4,72.4,,3.8,22.5,6.5
"788","799",SAN JULIAN,ago,-49.3068424779879,-67.7300243673447,"62","87909",4.8,9.9,0.6,68.1,,3.9,18.3,6.8
"789","800",SAN JULIAN,sep,-49.3068424779879,-67.7300243673447,"62","87909",7.4,13.3,2.2,62.3,,4.1,14.3,5.9
"790","801",SAN JULIAN,oct,-49.3068424779879,-67.7300243673447,"62","87909",10.4,16.6,4.4,56.4,,4.3,17.3,6.4
"791","802",SAN JULIAN,nov,-49.3068424779879,-67.7300243673447,"62","87909",13.2,19.6,6.7,51.6,,4.6,14.9,6.6
"792","803",SAN JULIAN,dic,-49.3068424779879,-67.7300243673447,"62","87909",15.1,21.5,8.6,51.4,,4.7,20.2,7.5
"793","804",RIO GALLEGOS,ene,-51.6436133263568,-69.2490402720069,"19","87925",13.8,20,7.6,52.4,,,27.7,10.1
"794","805",RIO GALLEGOS,feb,-51.6436133263568,-69.2490402720069,"19","87925",13.2,19.6,7.1,56.8,,,27.1,7.9
"795","806",RIO GALLEGOS,mar,-51.6436133263568,-69.2490402720069,"19","87925",10.8,17,5.3,62.3,22.8,4.9,26.7,8.7
"796","807",RIO GALLEGOS,abril,-51.6436133263568,-69.2490402720069,"19","87925",7.6,13.2,2.9,68.9,22.5,4.8,26.7,8.6
"797","808",RIO GALLEGOS,mayo,-51.6436133263568,-69.2490402720069,"19","87925",4.2,8.4,0.2,76.2,19.4,4.5,26.9,8.3
"798","809",RIO GALLEGOS,jun,-51.6436133263568,-69.2490402720069,"19","87925",1.4,4.9,-2,80.2,19,4.3,18.3,7.3
"799","810",RIO GALLEGOS,jul,-51.6436133263568,-69.2490402720069,"19","87925",1.2,4.8,-2.4,78.4,18.6,4.3,19.2,7.4
"800","811",RIO GALLEGOS,ago,-51.6436133263568,-69.2490402720069,"19","87925",3.1,7.4,-0.6,73.7,19.7,4.4,16.9,6.4
"801","812",RIO GALLEGOS,sep,-51.6436133263568,-69.2490402720069,"19","87925",5.7,11.3,0.9,66.4,20.3,4.7,13.3,6.2
"802","813",RIO GALLEGOS,oct,-51.6436133263568,-69.2490402720069,"19","87925",8.4,14.8,2.4,58,,4.8,16.9,6
"803","814",RIO GALLEGOS,nov,-51.6436133263568,-69.2490402720069,"19","87925",11.1,17.2,4.8,52.8,,,22.7,8
"804","815",RIO GALLEGOS,dic,-51.6436133263568,-69.2490402720069,"19","87925",12.8,18.8,6.6,52,,,25.9,9.6
"805","816",RIO GRANDE,ene,-53.7910404337471,-67.7050848104741,"22","87934",10.9,16.1,5.7,72.7,,,36,12.4
"806","817",RIO GRANDE,feb,-53.7910404337471,-67.7050848104741,"22","87934",10.3,15.7,5.4,74.6,,,29.7,10.9
"807","818",RIO GRANDE,mar,-53.7910404337471,-67.7050848104741,"22","87934",8.1,13.5,3.5,77.8,,4.9,27.2,9.9
"808","819",RIO GRANDE,abril,-53.7910404337471,-67.7050848104741,"22","87934",5.5,10.5,1.6,82.4,23.4,4.7,28.8,9.8
"809","820",RIO GRANDE,mayo,-53.7910404337471,-67.7050848104741,"22","87934",2.6,6.5,-0.8,86,19.8,4.4,29.4,9.9
"810","821",RIO GRANDE,jun,-53.7910404337471,-67.7050848104741,"22","87934",-0.1,3.1,-3.2,87.7,17.4,4.1,26.7,8
"811","822",RIO GRANDE,jul,-53.7910404337471,-67.7050848104741,"22","87934",-0.2,3,-3.1,86.5,18,4.1,23.9,7.6
"812","823",RIO GRANDE,ago,-53.7910404337471,-67.7050848104741,"22","87934",1.4,5.2,-1.7,84.5,20.6,4.2,20.7,7.6
"813","824",RIO GRANDE,sep,-53.7910404337471,-67.7050848104741,"22","87934",3.5,8.3,-0.2,79.5,21.9,4.5,17.1,7.9
"814","825",RIO GRANDE,oct,-53.7910404337471,-67.7050848104741,"22","87934",6.2,11.4,1.6,73.8,,4.8,18.5,7.8
"815","826",RIO GRANDE,nov,-53.7910404337471,-67.7050848104741,"22","87934",8.4,13.4,3.3,70,,,27,9.2
"816","827",RIO GRANDE,dic,-53.7910404337471,-67.7050848104741,"22","87934",10,15.1,4.8,70.6,,,36,11.3
"817","828",BASE ORCADAS,ene,-60.7380711,-44.7376889,"12","88968",1.4,3.4,-0.5,,19.9,,,
"818","829",BASE ORCADAS,feb,-60.7380711,-44.7376889,"12","88968",1.4,3.4,-0.3,,23.7,,,
"819","830",BASE ORCADAS,mar,-60.7380711,-44.7376889,"12","88968",0.4,,-1.5,,23.9,,,
"820","831",BASE ORCADAS,abril,-60.7380711,-44.7376889,"12","88968",-1.8,,-4.1,,,,,
"821","832",BASE ORCADAS,mayo,-60.7380711,-44.7376889,"12","88968",,,-7.5,,,,,
"822","833",BASE ORCADAS,jun,-60.7380711,-44.7376889,"12","88968",,,,,23.7,,,
"823","834",BASE ORCADAS,jul,-60.7380711,-44.7376889,"12","88968",,,,,,,,
"824","835",BASE ORCADAS,ago,-60.7380711,-44.7376889,"12","88968",,,,,,,,
"825","836",BASE ORCADAS,sep,-60.7380711,-44.7376889,"12","88968",,,-9.3,,,,,
"826","837",BASE ORCADAS,oct,-60.7380711,-44.7376889,"12","88968",-2.8,,-5.9,,,,,
"827","838",BASE ORCADAS,nov,-60.7380711,-44.7376889,"12","88968",-0.7,,-3.2,,23.6,,,
"828","839",BASE ORCADAS,dic,-60.7380711,-44.7376889,"12","88968",0.6,3,-1.4,,23.3,,,
"829","840",BASE SAN MARTIN,ene,-62.188800611076,-58.9775093142722,"7","89066",2,4.5,-0.3,,14.6,,,
"830","841",BASE SAN MARTIN,feb,-62.188800611076,-58.9775093142722,"7","89066",0.9,3.3,-1.3,,17.7,,,
"831","842",BASE SAN MARTIN,mar,-62.188800611076,-58.9775093142722,"7","89066",-1.2,,-3.6,,22.3,,,
"832","843",BASE SAN MARTIN,abril,-62.188800611076,-58.9775093142722,"7","89066",-3.3,,-5.8,,20.4,,,
"833","844",BASE SAN MARTIN,mayo,-62.188800611076,-58.9775093142722,"7","89066",,,-8.4,,19.3,,,
"834","845",BASE SAN MARTIN,jun,-62.188800611076,-58.9775093142722,"7","89066",,,,,18,,,
"835","846",BASE SAN MARTIN,jul,-62.188800611076,-58.9775093142722,"7","89066",,,,,17.3,,,
"836","847",BASE SAN MARTIN,ago,-62.188800611076,-58.9775093142722,"7","89066",,,,,18.9,,,
"837","848",BASE SAN MARTIN,sep,-62.188800611076,-58.9775093142722,"7","89066",,,,,17.5,,,
"838","849",BASE SAN MARTIN,oct,-62.188800611076,-58.9775093142722,"7","89066",,,,,20.3,,,
"839","850",BASE SAN MARTIN,nov,-62.188800611076,-58.9775093142722,"7","89066",-2,,-5.5,,19.2,,,
"840","851",BASE SAN MARTIN,dic,-62.188800611076,-58.9775093142722,"7","89066",0.8,3.4,-1.8,,18.3,,,
